"who_region","appiah_ref","citation","why_absent_from_koh","index_ppv_audit_status","index_disposition","covidence_id","source_title","authors","publication_year","doi","zotero_pdf","pdf_pages","searchable_characters","record_type","prior_audit_source","summary_row_id","study","location","outbreak_year","summary_suspected","summary_blood_tested","summary_blood_positive","summary_positivity","attack_rate_pct","legacy_attack_rate_pass","current_stage1","audited_suspected_testing_frame","audited_blood_tested","audited_blood_positive","audited_positivity","tested_fraction","denominator_unit","specimen_scope","case_definition_summary","testing_selection_mechanism","temporal_alignment","denominator_compatibility","verification_bias_risk","source_status","simple_model_status","verification_model_status","recommended_use","independence_group","audit_notes"
"African",53,"Galgallo DA, Roka ZG, Boru WG, Abill K, Ransom J, 2018. Investigation of a typhoid fever epidemic in Moyale sub-county, Kenya, 2014-2015. J Health Popul Nutr 37:14.","in Koh window","READ - stool only, zero blood cultures (71/188 stool)","exclude","#199","Investigation of a typhoid fever epidemic in Moyale Sub-County, Kenya, 2014-2015","Galgallo, D. A.; Roka, Z. G.; Boru, W. G.; Abill, K.; Ransom, J.","2018","10.1186/s41043-018-0144-2","C:/Users/jonghoon.kim/Zotero/storage/GJYYBQMR/Galgallo et al. - 2018 - Investigation of a typhoid fever epidemic in Moyal.pdf","5","21148","outbreak investigation","covidence_no_timeseries_fulltext_ppv_audit.csv","Appiah ref 53","Galgallo 2018","Moyale Sub-County, Marsabit, Kenya","2014-2015","317","0","0",,,"FALSE","FALSE","317 suspected; 188 (59%) submitted a stool specimen",,,,,"patients","STOOL culture only; no blood culture performed. Widal serology on all 317","Any patient presenting with clinical signs and symptoms consistent with typhoid fever, including headache, fever, stomach pains, diarrhea, or chronic constipation","Self-selection by specimen submission: 188 of 317 'submitted a stool specimen suitable for culture'. No severity, serology or consent criterion stated; the paper does not explain the other 129","No epidemic curve; no figure or table of cases over time","Zero blood cultures, so no blood denominator exists at any level","unassessable","primary paper reviewed (Zotero GJYYBQMR)","not eligible: no blood culture performed","not eligible","exclude","Galgallo 2018","STOOL ONLY. 71/188 'showed growth' - the paper never states the organism was S. Typhi. Authors distrust their own results: 'the overall culture results are suspect because of rampant self-medication with antibiotics'. Would be miscoded if placed in any blood-culture stratum."
"African",86,"Mamo ZD, Addisu A, Marama T, 2018. Typhoid fever outbreak investigation in Ofla Woreda, southern zone of Tigray region, Ethiopia, 2016: an unmatched 1:2 case-control. J Infect Dis Imm 10:27-35.","in Koh window","READ (earlier pass) - no blood culture; Widal only","exclude","","Mamo ZD, Addisu A, Marama T, 2018. Typhoid fever outbreak investigation in Ofla Woreda, southern zone of Tigray region, Ethiopia, 2016: an unmatched 1:2 case-control. J Infect Dis Imm 10:27-35.","Mamo ZD, Addisu A, Marama T","2018","","","","","","","Appiah ref 86","Mamo 2018","Tigray, Ethiopia","2016","98","","","","","FALSE","FALSE","","","","","","patients","","","","","","","review reconciliation record; READ (earlier pass) - no blood culture; Widal only","not eligible; see audit notes","","exclude","Mamo 2018",""
"E Mediterranean",60,"Al-Qarawi S, El Bushra H, Fontaine R, Bubshait S, El Tantawy N, 1995. Typhoid fever from water desalinized using reverse osmosis. Epidemiol Infect 114:41-50.","pre-2000","ABSTRACT RESOLVES IT - '81 bacteriologically confirmed cases were identified'; confirmed-only, no syndromic frame, no tested count. PMID 7867742. (Abstract says 81 confirmed; Appiah Table 1 says 185 cases - unreconciled.) Full text IS open access via Europe PMC if ever needed","exclude: pattern (a), confirmed-only","","Al-Qarawi S, El Bushra H, Fontaine R, Bubshait S, El Tantawy N, 1995. Typhoid fever from water desalinized using reverse osmosis. Epidemiol Infect 114:41-50.","Al-Qarawi S, El Bushra H, Fontaine R, Bubshait S, El Tantawy N","1995","","","","","","appiah2020_unique_outbreak_ppv_audit.csv","Appiah ref 60","Al-Qarawi 1995","Tabuk City, Saudi Arabia","1992","185",,,,"0.1","FALSE","FALSE","not assessed",,,,,"patients","not assessed","not assessed","not assessed","not assessed","not assessed","unassessable","indexed abstract screened; ABSTRACT RESOLVES IT - '81 bacteriologically confirmed cases were identified'; confirmed-only, no syndromic frame, no tested count. PMID 7867742. (Abstract says 81 confirmed; Appiah Table 1 says 185 cases - unreconciled.) Full text IS open access via Europe PMC if ever needed","not assessed","not assessed","exclude: pattern (a), confirmed-only","Al-Qarawi 1995","185 cases; typhoid from water desalinated using reverse osmosis. Appiah ref 60."
"E Mediterranean",87,"Al-Zubaidy A, Mawlawi MY, 1995. An outbreak of typhoid fever among children who attended a potluck dinner at Al-Mudhnab, Saudi Arabia. East Afr Med J 72:373-375.","pre-2000","ABSTRACT RESOLVES IT - 19 cases, foodborne case-control on a potluck dinner; no culture denominator and no confirmation method stated. PMID 7498007. Paywalled (East Afr Med J)","exclude: no denominator, n<20","","Al-Zubaidy A, Mawlawi MY, 1995. An outbreak of typhoid fever among children who attended a potluck dinner at Al-Mudhnab, Saudi Arabia. East Afr Med J 72:373-375.","Al-Zubaidy A, Mawlawi MY","1995","","","","","","appiah2020_unique_outbreak_ppv_audit.csv","Appiah ref 87","Al-Zubaidy 1995","Al-Mudhnab, Saudi Arabia","1992","27",,,,,"FALSE","FALSE","not assessed",,,,,"patients","not assessed","not assessed","not assessed","not assessed","not assessed","unassessable","indexed abstract screened; ABSTRACT RESOLVES IT - 19 cases, foodborne case-control on a potluck dinner; no culture denominator and no confirmation method stated. PMID 7498007. Paywalled (East Afr Med J)","not assessed","not assessed","exclude: no denominator, n<20","Al-Zubaidy 1995","27 cases at a potluck dinner among children. Appiah ref 87."
"E Mediterranean",51,"Farooqui A, Khan A, Kazmi SU, 2009. Investigation of a community outbreak of typhoid fever associated with drinking water. BMC Public Health 9:476.","in Koh window","READ - stool only; blood culture explicitly declined (22/100 stool)","exclude","#184","Investigation of a community outbreak of typhoid fever associated with drinking water","Farooqui, A.; Khan, A.; Kazmi, S. U.","2009","10.1186/1471-2458-9-476","C:/Users/jonghoon.kim/Zotero/storage/7T9VLV9Y/Farooqui et al. - 2009 - Investigation of a community outbreak of typhoid f.pdf","6","38074","outbreak investigation","covidence_no_timeseries_fulltext_ppv_audit.csv","Appiah ref 51","Farooqui 2009","Nek Muhammad village, Karachi, Pakistan","2004","300","0","0",,"60","FALSE","FALSE","250 interviewed of >300 symptomatic; 100 purposively selected for stool",,,,,"patients","STOOL culture only; blood culture explicitly declined","Temperature >38 C since outbreak onset, abdominal discomfort, diarrhea, vomiting and weakness","Explicit purposive quota: '100 patients for stool sample collection who belonged to different age groups and families'. Blood declined because 'majority of patients were not ready to participate in blood sample collection' and because of prior antibiotics","Daily curve of symptom percentages (Fig 1, n=300); percentages not counts","Zero blood cultures; the 22/100 is stool positivity in an age/family quota sample, not a random subset of suspected cases","unassessable","primary paper reviewed (Zotero 7T9VLV9Y)","not eligible: no blood culture performed","not eligible","exclude","Farooqui 2009","STOOL ONLY (22/100). Carries the single most explicit statement of the culture-selection mechanism in the whole review: blood culture was abandoned for CONSENT and PRIOR ANTIBIOTICS, not severity. Quotable evidence for the verification-bias section even though the study itself is unusable."
"European",47,"Mermin JH et al., 1999. A massive epidemic of multidrug-resistant typhoid fever in Tajikistan associated with consumption of municipal water. J Infect Dis 179:1416-1422.","pre-2000","READ - blood OR stool pooled; no tested denominator","exclude","","Mermin JH et al., 1999. A massive epidemic of multidrug-resistant typhoid fever in Tajikistan associated with consumption of municipal water. J Infect Dis 179:1416-1422.","Mermin JH et al.","1999","","","","","","appiah2020_unique_outbreak_ppv_audit.csv","Appiah ref 47","Mermin 1999","Dushanbe, Tajikistan","1996-1997","10677",,,,"1","FALSE","FALSE","10677 reported cases; the frame actually offered culture is never defined",,,,,"patients","blood OR stool, pooled and unseparable","Nonstandardized; the paper states the clinical case definition relies on physician judgment","Not reported. Culture was done at two Dushanbe hospitals while surveillance covered 12 clinics city-wide, so the cultured subset is a non-random hospital slice of unknown size","Weekly epidemic curve available (Fig 2, Oct 1996-Jun 1997)","No tested denominator. The 3294 (31%) confirmations are a fraction of REPORTED CASES, not positivity among tested patients","unassessable","primary paper reviewed (Zotero 32CW4H6M)","not eligible: no tested denominator and specimens pooled across blood and stool","not eligible","exclude","Mermin 1999","Largest outbreak in Appiah 2020 (10,677 cases). Bacteriologic confirmation required S. Typhi from 'a blood or stool sample' and the two specimen types are never separated. Median 6 days onset-to-hospitalisation implies substantial pre-culture antibiotic exposure. Government edict mandated 25-day hospitalisation, so admission does not select on severity here."
"European",89,"Pradier C et al., 2000. Outbreak of typhoid fever on the French Riviera. Eur J Clin Microbiol Infect Dis 19:464-467.","pre-2000","READ - 12/26 blood, hospital-admitted denominator","SENSITIVITY","#460","Outbreak of typhoid fever on the French Riviera","Pradier, C.; Keita-Perse, O.; Bernard, E.; Gisbert, C.; Vezolles, M. J.; Armengaud, A.; Carles, D.; Grimont, F.; Desenclos, J. C.; Dellamonica, P.","2000","10.1007/s100960000300","C:/Users/jonghoon.kim/Zotero/storage/3IMX82CP/Pradier et al. - 2000 - Outbreak of typhoid fever on the French Riviera.pdf","4","19984","outbreak investigation","covidence_no_timeseries_fulltext_ppv_audit.csv","Appiah ref 89","Pradier 2000","Utelle, Alpes-Maritimes, France","1997","26","26","12","0.462",,"FALSE","FALSE","26 patients ADMITTED TO HOSPITAL with symptoms suggesting typhoid; 250 symptomatic community members never cultured","26","12","0.462","1","patients","blood AND stool AND Widal; the 12/26 blood-only split is separately reported","No suspected definition; the frame is 26 hospital admissions with symptoms suggesting typhoid after staying in Utelle 14-18 Aug 1997","SEVERITY/ADMISSION GATE. The denominator is hospital admissions only. A far larger symptomatic pool was never cultured: 250 people reported transient diarrhoea within 72h of the exposure and none were tested","Daily epidemic curve available (Fig 1, one block per person)","Blood denominator is INFERRED (12 positive + 2 stool-only + 1 Widal-only + 11 probable with negative blood = 26), not stated verbatim. Frame is admitted patients, not community suspected cases","high","primary paper reviewed (Zotero 3IMX82CP)","eligible on counts (12/26) but the denominator is severity-selected","candidate with explicit severity-selection mechanism","sensitivity only (hospital-admitted denominator)","Pradier 2000","Blood-only 12/26 = 46.2%; the pooled 15/26 (blood+stool+Widal) must NOT be used as a blood numerator. The 250 uncultured symptomatic callers are the community pool, so the true community PPV would be far lower - this is an upper bound. 3 of 26 were admitted outside the Nice catchment, so testing practice was not uniform. Banquet cohort of 350."
"European",90,"Valenciano M, Baron S, Fisch A, Grimont F, Desenclos JC, 2000. Investigation of concurrent outbreaks of gastroenteritis and typhoid fever following a party on a floating restaurant, France, March 1998. Am J Epidemiol 152:934-939.","pre-2000","READ - 14 blood-positive (splittable) but no blood denominator","exclude","#574","Investigation of concurrent outbreaks of gastroenteritis and typhoid fever following a party on a floating restaurant, France, March 1998","Valenciano, M.; Baron, S.; Fisch, A.; Grimont, F.; Desenclos, J. C.","2000","10.1093/aje/152.10.934","C:/Users/jonghoon.kim/Zotero/storage/ED36QT97/Valenciano et al. - 2000 - Investigation of concurrent outbreaks of gastroenteritis and typhoid fever following a party on a fl.pdf","6","35332","outbreak investigation","covidence_no_timeseries_fulltext_ppv_audit.csv","Appiah ref 90","Valenciano 2000","Floating restaurant, Paris, France","1998","27",,"14",,"18.4","FALSE","FALSE","27 guests meeting the typhoid syndromic definition, out of a 147-guest retrospective cohort",,"14",,,"patients","blood AND stool, and SEPARABLE: 14 blood-positive, 6 stool-positive, 5 both (union = the 15 'confirmed')","Probable: fever >=38 C for >2 days, no other cause checked by the practitioner, onset >10 days after the supper, AND either a negative stool/blood culture OR no specimen tested. Confirmed: the same fever plus a stool or blood specimen positive for S. typhi","Not reported, and the definition itself concedes incomplete testing: probables include those who 'did not have a specimen tested'. Case-finding was via press release plus telephone interview advising specimen submission - i.e. self-selection. 21 of 27 were hospitalised","Epidemic curve DOES exist (Fig 2, typhoid by 3-day interval, probable vs confirmed; Fig 1, gastroenteritis daily)","Blood numerator is clean (14) but there is NO blood-culture denominator: the count cultured among the 27 is never reported, and the probable definition explicitly includes untested patients","high","primary paper reviewed (Zotero ED36QT97, attached by JK 2026-07-16 and verified). Supersedes JEMF2WZ7 and AW7IPIVI, which BOTH still contain Borgdorff 2001 (M. tuberculosis) via an OUP volume 152/154 same-page collision","not eligible: no blood-culture denominator","not eligible","exclude (denominator absent, not specimen pooling)","Valenciano 2000","CORRECTS MY EARLIER READING: the 15 'confirmed by stool or blood culture' CAN be split - 'S. typhi was isolated in six stool cultures and in 14 blood cultures (five cases with both cultures positive)'; 14+6-5=15. So blood-positive = 14, not an unsplittable pooled 15. Ineligible anyway because the blood-tested count among the 27 is never given. Cohort: 199 identified, 157 (79%) interviewed, 147 (94%) analysed. Gastroenteritis 133 (90.5%); typhoid 27 (18.4%); ALL typhoid cases had preceding gastroenteritis. Strong age gradient: typhoid attack rate 42% (16-19y), 32% (20-29y), 9% (30-39y), 0% (>=40y) - the authors read this as lower population immunity in the young in a low-endemicity country. 21/27 hospitalised, 2 severe (ICU 23d and 38d). Single phage type DVS / ribotype TP7, fully antibiotic-sensitive. NOTE: Koh excluded this study as 'no time-series data available', yet Figs 1 and 2 ARE epidemic curves. A plausible explanation is that the reviewers downloaded the OUP link and received the Borgdorff TB paper, as both prior library copies did."
"European",33,"Aypak A, Celik AK, Aypak C, Cikman O, 2010. Multidrug resistant typhoid fever outbreak in Ercek Village-Van, Eastern Anatolia, Turkey: clinical profile, sensitivity patterns and response to antimicrobials. Trop Doct 40:160-162.","SAME OUTBREAK in Koh via Bayram 2011 (Appiah ref 32) - different publication","READ - 34/154 blood, severity-gated (hospitalised only)","SENSITIVITY","#53","Multidrug resistant typhoid fever outbreak in Ercek Village-Van, Eastern Anatolia, Turkey: clinical profile, sensitivity patterns and response to antimicrobials","Aypak, A.; Celik, A. K.; Aypak, C.; Cikman, O.","2010","10.1258/td.2010.090438","C:/Users/jonghoon.kim/Zotero/storage/JF9DVMSN/Aypak et al. - 2010 - Multidrug resistant typhoid fever outbreak in Erce.pdf","3","17616","outbreak clinical series","covidence_no_timeseries_fulltext_ppv_audit.csv","Appiah ref 33","Aypak 2010","Ercek Village, Van, Eastern Anatolia, Turkey","2008","867",,"34","0.221",,"FALSE","FALSE","867 suspected village residents, but culture appears confined to the 154 (17.8%) hospitalised","154","34","0.221","0.178","patients","blood culture (Bactec 9050) AND stool culture, reported separately; Widal on all 154 inpatients","Stepladder fever, headache, malaise with loss of appetite, usually with gastrointestinal symptoms, plus >=2 of: toxic look, relative bradycardia, rose spots on trunk, splenic enlargement, non-productive cough","SEVERITY-GATED (inferred, never stated). '154 (17.8%) were hospitalized by the treating physician' with no criteria given. All lab work is framed around the 154 inpatients; no lab data of any kind are reported for the 713 non-hospitalised. The paper never states how many of the 154 actually had blood drawn","No epidemic curve; tables only","Blood numerator (34) is recoverable, but the denominator of 154 is INFERRED from percentage arithmetic, not reported. Frame is hospitalised suspects, not all 867","high","primary paper reviewed (Zotero JF9DVMSN); Trop Doct 2010;40:160-162","marginal: usable only as a HOSPITALISED PPV (34/154 = 22.1%)","candidate with explicit severity selection","sensitivity only (severity-gated denominator)","Aypak 2010","RESOLVED the abstract's '42 (27.3%) cultures': it is POOLED blood+stool. Text says '34 (22%) cases were confirmed by blood culture and eight (5.2%) by stool culture'; 34/154=22.1%, 8/154=5.2%, 42/154=27.3% - all resolve against 154, confirming the denominator. DO NOT use 42 as a blood numerator. Population 4,700; implied attack rate 18.4%; no deaths. Paper has several internal contradictions (Table 1 ALT >2xULN 12 < ALT >5xULN 13, impossible; ciprofloxacin n=17 in text vs n=15 in Table 2)."
"Americas",80,"Birkhead GS et al., 1993. Typhoid fever at a resort hotel in New York: a large outbreak with an unusual vehicle. J Infect Dis 167:1228-1232.","pre-2000","BLOCKED - PMID 8486960. J Infect Dis (OUP), subscription DOI only. Abstract shows '43 culture-confirmed and 24 probable cases among guests' - a PROBABLE category exists, so a syndromic frame of ~67 may exist. NEEDS ILL","ILL PRIORITY 2 - probable category may give a denominator","","Birkhead GS et al., 1993. Typhoid fever at a resort hotel in New York: a large outbreak with an unusual vehicle. J Infect Dis 167:1228-1232.","Birkhead GS et al.","1993","","","","","","appiah2020_unique_outbreak_ppv_audit.csv","Appiah ref 80","Birkhead 1993","Resort hotel, New York, USA","1989","68",,,,"7.5","FALSE","FALSE","not assessed",,,,,"patients","not assessed","not assessed","not assessed","not assessed","not assessed","unassessable","full text not available in Zotero; evidence limited to indexed abstract; BLOCKED - PMID 8486960. J Infect Dis (OUP), subscription DOI only. Abstract shows '43 culture-confirmed and 24 probable cases among guests' - a PROBABLE category exists, so a syndromic frame of ~67 may exist. NEEDS ILL","not assessed","not assessed","low priority: high-income foodborne point source","Birkhead 1993","68 cases, resort hotel outbreak. Appiah ref 80."
"Americas",66,"Katz DJ, Cruz MA, Trepka MJ, Suarez JA, Fiorella PD, Hammond RM, 2002. An outbreak of typhoid fever in Florida associated with an imported frozen fruit. J Infect Dis 186:234-239.","pre-2000 outbreak","READ (earlier pass) - 16 tested / 15 positive; n<20","exclude","#288","An outbreak of typhoid Fever in Florida associated with an imported frozen fruit","Katz, D. J.; Cruz, M. A.; Trepka, M. J.; Suarez, J. A.; Fiorella, P. D.; Hammond, R. M.","2002","10.1086/341208","C:/Users/jonghoon.kim/Zotero/storage/2BB43G9Q/Katz et al. - 2002 - An outbreak of typhoid Fever in Florida associated.pdf","6","41049","small outbreak investigation","covidence_no_timeseries_fulltext_ppv_audit.csv","Appiah ref 66","Katz 2002","Florida, USA","1998-1999","16",,,,,"FALSE","FALSE","15 confirmed and 1 probable case identified through surveillance",,,,,"patients","stool, blood or urine culture pooled in the confirmed-case definition","","","","Specimen-specific tested and positive counts are not reported; case finding is confirmation-driven.","critical","Zotero full text screened; see zotero_pdf","not eligible","not eligible","exclude","Katz 2002","The 15/16 confirmation fraction is not blood-culture positivity and must not enter the PPV model."
"Americas",45,"Yoon J, Segal-Maurer S, Rahal JJ, 2004. An outbreak of domestically acquired typhoid fever in Queens, NY. Arch Intern Med 164:565-567.","in Koh window","READ - cases DEFINED by blood-culture positivity (pattern a)","exclude","#617","An outbreak of domestically acquired typhoid fever in Queens, NY","Yoon, J.; Segal-Maurer, S.; Rahal, J. J.","2004","10.1001/archinte.164.5.565","C:/Users/jonghoon.kim/Zotero/storage/KJWRVYP8/Yoon et al. - 2004 - An outbreak of domestically acquired typhoid fever.pdf","3","26732","small outbreak case series","covidence_no_timeseries_fulltext_ppv_audit.csv","Appiah ref 45","Yoon 2004","Queens, New York, USA","2000","7",,,,,"FALSE","FALSE","Seven patients identified by positive blood cultures","7","7","1","1","patients","blood culture","Reported cases were diagnosed by positive blood culture","not assessed","not assessed","Confirmation-defined case series; no independent suspected-case denominator.","critical","primary Zotero full text screened (Yoon et al. - 2004 - An outbreak of domestically acquired typhoid fever.pdf)","exclude: n<20","exclude: n<20","exclude","Yoon 2004","Seven linked cases, all blood-culture positive by construction; 7/7 is not an estimable PPV observation."
"Americas",56,"Reller ME et al., 2003. Sexual transmission of typhoid fever: a multistate outbreak among men who have sex with men. Clin Infect Dis 37:141-144.","in Koh window","READ - symptom-only probable definition exists, but blood_tested never reported","exclude","#487","Sexual transmission of typhoid fever: a multistate outbreak among men who have sex with men","Reller, M. E.; Olsen, S. J.; Kressel, A. B.; Moon, T. D.; Kubota, K. A.; Adcock, M. P.; Nowicki, S. F.; Mintz, E. D.","2003","10.1086/375590","C:/Users/jonghoon.kim/Zotero/storage/CZSD4K5R/Reller et al. - 2003 - Sexual transmission of typhoid fever a multistate.pdf","4","23088","small outbreak investigation","covidence_no_timeseries_fulltext_ppv_audit.csv","Appiah ref 56","Reller 2003","Ohio, Kentucky and Indiana, USA","2000","9",,,,,"FALSE","FALSE","Seven culture-confirmed and two probable outbreak-linked patients",,,,,"patients","blood or stool culture pooled for confirmed cases","not assessed","not assessed","not assessed","No number of independently suspected persons cultured and no blood-specific denominator.","critical","primary Zotero full text screened (Reller et al. - 2003 - Sexual transmission of typhoid fever a multistate.pdf)","exclude: n<20","exclude: n<20","exclude","Reller 2003","Small confirmation-driven multistate outbreak; specimen-specific PPV cannot be recovered."
"Americas",67,"Loharikar A et al., 2012. Typhoid fever outbreak associated with frozen mamey pulp imported from Guatemala to the Western United States, 2010. Clin Infect Dis 55:61-66.","in Koh window","READ (Zotero X55ZAMP5). Pattern (a), and a STRICTER instance: cases are the PFGE-MATCHED SUBSET of culture-positives - 'a person whose specimen yielded Salmonella serotype Typhi MATCHING THE OUTBREAK STRAIN'. Specimen type is never named ('specimen'), so the 12 cases cannot even be attributed to blood. No probable/suspected tier of any kind. Screening was of 37 ASYMPTOMATIC plant workers by stool+serum; household contacts by stool. Zero blood screening of symptomatic patients.","exclude: pattern (a) + PFGE-match subset; specimen not blood-specific","#351","Typhoid fever outbreak associated with frozen mamey pulp imported from Guatemala to the western United States, 2010","Loharikar, A.; Newton, A.; Rowley, P.; Wheeler, C.; Bruno, T.; Barillas, H.; Pruckler, J.; Theobald, L.; Lance, S.; Brown, J. M.; Barzilay, E. J.; Arvelo, W.; Mintz, E.; Fagan, R.","2012","10.1093/cid/cis296","C:/Users/jonghoon.kim/Zotero/storage/X55ZAMP5/Loharikar et al. - 2012 - Typhoid fever outbreak associated with frozen mame.pdf","6","42074","small outbreak investigation","covidence_no_timeseries_fulltext_ppv_audit.csv","Appiah ref 67","Loharikar 2012","Nevada, California and Oregon, USA","2010","12",,,,,"FALSE","FALSE","Twelve cases defined by recovery of the outbreak S. Typhi strain",,,,,"patients","positive clinical specimens; patient specimen types not disaggregated","Illness with a specimen yielding the outbreak strain","not assessed","not assessed","Culture-confirmed case definition and no number of clinically suspected persons tested.","critical","primary Zotero full text screened (Loharikar et al. - 2012 - Typhoid fever outbreak associated with frozen mame.pdf)","not assessed","not assessed","exclude","Loharikar 2012","All 12 are confirmation-defined PulseNet cases; there is no blood-culture-tested suspect denominator."
"Americas",92,"Hancock-Allen J, Cronquist AB, Peden J, Adamson D, Corral N, Brown K, 2016. Notes from the field: typhoid fever outbreak associated with an asymptomatic carrier at a restaurant - Weld county, Colorado, 2015. MMWR 65:606-607.","in Koh window","READ - cases require isolation PLUS PFGE match; blood never mentioned","exclude","#234","Notes from the Field: Typhoid Fever Outbreak Associated with an Asymptomatic Carrier at a Restaurant - Weld County, Colorado, 2015","Hancock-Allen, J.; Cronquist, A. B.; Peden, J.; Adamson, D.; Corral, N.; Brown, K.","2016","10.15585/mmwr.mm6523a4","C:/Users/jonghoon.kim/Zotero/storage/B5STER4I/Hancock-Allen et al. - 2016 - Notes from the Field Typhoid Fever Outbreak Assoc.pdf","2","13077","small outbreak report","covidence_no_timeseries_fulltext_ppv_audit.csv","Appiah ref 92","Hancock-Allen 2016","Weld County, Colorado, USA","2015","3",,,,,"FALSE","FALSE","Three culture-confirmed restaurant-associated patients; carrier investigation separate",,"3",,,"patients","patient isolates; employee screening used stool/rectal swabs","not assessed","not assessed","not assessed","Case ascertainment begins with culture confirmation; no independently defined suspected denominator.","unassessable","primary Zotero full text screened (Hancock-Allen et al. - 2016 - Notes from the Field Typhoid Fever Outbreak Assoc.pdf)","exclude: n<20","exclude: n<20","exclude","Hancock-Allen 2016","Three-patient outbreak linked to an asymptomatic food worker. Too small and confirmation-defined."
"SE Asia",44,"Arora R, Gupta A, Joshi N, Kataria V, Lall P, Anand A, 1992. Multidrug resistant typhoid fever: study of an outbreak in Calcutta. Indian Pediatr 29:61-66.","pre-2000","BLOCKED - PMID 1601498. Not open access (Europe PMC: no OA, no PMC id). Indian Pediatrics archive returns HTTP 403; 1992 issues appear not to be digitised. NEEDS INSTITUTIONAL ACCESS / ILL. Abstract shows PAIRED blood + bone marrow (BC 83.7%, BM 100%, Widal 13.5% of 103 admitted)","ILL PRIORITY 1 - possible 11th paired BC/BM study","","Arora R, Gupta A, Joshi N, Kataria V, Lall P, Anand A, 1992. Multidrug resistant typhoid fever: study of an outbreak in Calcutta. Indian Pediatr 29:61-66.","Arora R, Gupta A, Joshi N, Kataria V, Lall P, Anand A","1992","","","","","","appiah2020_unique_outbreak_ppv_audit.csv","Appiah ref 44","Arora 1992","Calcutta, India","1989-1990","117",,,,,"FALSE","FALSE","not assessed",,,,,"patients","blood culture alone per Appiah","not assessed","not assessed","not assessed","not assessed","unassessable","full text not available in Zotero; evidence limited to indexed abstract; BLOCKED - PMID 1601498. Not open access (Europe PMC: no OA, no PMC id). Indian Pediatrics archive returns HTTP 403; 1992 issues appear not to be digitised. NEEDS INSTITUTIONAL ACCESS / ILL. Abstract shows PAIRED blood + bone marrow (BC 83.7%, BM 100%, Widal 13.5% of 103 admitted)","not assessed","not assessed","full text retrieval required","Arora 1992","One of Appiah's EIGHT blood-culture-alone papers (ref 44) and the largest of them (117 cases). Highest-value unretrieved row for specimen specificity."
"SE Asia",93,"Ramanan A, Pandit N, Yeshwanth M, 1992. Unusual complications in a multidrug resistant Salmonella typhi outbreak. Indian Pediatr 29:118-120.","pre-2000","BLOCKED - PMID 1601484. Indian Pediatrics, no OA; ABSTRACT IS EMPTY in PubMed, so nothing can be resolved without the full text. n=15 fails n>=20 regardless","low priority: n<20","","Ramanan A, Pandit N, Yeshwanth M, 1992. Unusual complications in a multidrug resistant Salmonella typhi outbreak. Indian Pediatr 29:118-120.","Ramanan A, Pandit N, Yeshwanth M","1992","","","","","","appiah2020_unique_outbreak_ppv_audit.csv","Appiah ref 93","Ramanan 1992","Bangalore, India","1990","15",,,,,"FALSE","FALSE","not assessed",,,,,"patients","not assessed","not assessed","not assessed","not assessed","not assessed","unassessable","full text not available in Zotero; evidence limited to indexed abstract; BLOCKED - PMID 1601484. Indian Pediatrics, no OA; ABSTRACT IS EMPTY in PubMed, so nothing can be resolved without the full text. n=15 fails n>=20 regardless","not assessed","not assessed","exclude: n<20","Ramanan 1992","15 cases; fails the n>=20 rule on the case count alone. Appiah ref 93."
"SE Asia",64,"Kulkarni A, Powar R, Mangalkar S, Kulkarni V, Nagalgaonkar R, 1996. Epidemiological investigation of an outbreak of enteric fever in a village in Maharashtra. J Commun Dis 28:117-121.","pre-2000","BLOCKED - PMID 8810147. J Commun Dis, no OA. Abstract: 'Laboratory investigations in SELECTED CASES confirmed it to be an outbreak of enteric fever' - explicit selective testing, no counts. NEEDS ILL","ILL PRIORITY 3","","Kulkarni A, Powar R, Mangalkar S, Kulkarni V, Nagalgaonkar R, 1996. Epidemiological investigation of an outbreak of enteric fever in a village in Maharashtra. J Commun Dis 28:117-121.","Kulkarni A, Powar R, Mangalkar S, Kulkarni V, Nagalgaonkar R","1996","","","","","","appiah2020_unique_outbreak_ppv_audit.csv","Appiah ref 64","Kulkarni 1996","Village in Maharashtra, India","1995","415",,"22",,"13.7","FALSE","FALSE","not assessed",,,,,"patients","not assessed","not assessed","not assessed","not assessed","not assessed","unassessable","full text not available in Zotero; evidence limited to indexed abstract; BLOCKED - PMID 8810147. J Commun Dis, no OA. Abstract: 'Laboratory investigations in SELECTED CASES confirmed it to be an outbreak of enteric fever' - explicit selective testing, no counts. NEEDS ILL","not assessed","not assessed","full text retrieval required","Kulkarni 1996","Second-highest-priority unretrieved row: 415 cases, 13.7% attack rate. Appiah reports '86 suspected and 22 laboratory-confirmed cases were reported from one village' with chemoprophylaxis and contact vaccination. Pre-2000 so outside Koh's window, but PPV has no time restriction. Appiah ref 64."
"SE Asia",42,"Swaddiwudhipong W, Kanlayanaphotporn J, 2001. A common-source water-borne outbreak of multidrug-resistant typhoid fever in a rural Thai community. J Med Assoc Thai 84:1513-1517.","pre-2000","READ - 5/10 blood, 90.9% tested fraction, LOW bias","SENSITIVITY (fails n>=20)","#550","A common-source water-borne outbreak of multidrug-resistant typhoid fever in a rural Thai community","Swaddiwudhipong, W.; Kanlayanaphotporn, J.","2001","","C:/Users/jonghoon.kim/Zotero/storage/KB9PGSJH/Swaddiwudhipong and Kanlayanaphotporn - 2001 - A common-source water-borne outbreak of multidrug-.pdf","6","888","outbreak investigation","covidence_no_timeseries_fulltext_ppv_audit.csv","Appiah ref 42","Swaddiwudhipong 2001","Rural village, Poppra District, Tak Province, Thailand (Thai-Myanmar border)","1999","11","10","5","0.5",,"FALSE","FALSE","11 suspected cases identified by active village surveillance, defined independently of culture result","10","5","0.5","0.909","patients","BLOOD (hemoculture) only for cases; stool used solely to screen contacts","Fever for >=3 days plus >=3 of abdominal pain, diarrhoea/constipation, nausea/vomiting, malaise/headache, rose spots, splenomegaly, with no other pathogen identified such as malaria","Near-complete testing of the syndromic frame: hemoculture performed in 10 of 11 suspected cases. Active village surveillance, not severity- or admission-gated. The basis for the single untested case is not reported","No epidemic curve; onset range only (31 Oct - 11 Nov 1999)","COMPATIBLE: an explicit syndromic denominator defined independently of culture, with a blood-only numerator and denominator","low","primary paper reviewed (Zotero KB9PGSJH)","not eligible under the current n>=20 rule (n=10), but methodologically the cleanest new candidate found","candidate: the only new study whose tested group plausibly represents its suspected frame","sensitivity only (fails n>=20)","Swaddiwudhipong 2001","THE CLEANEST NEW CANDIDATE. Blood-only PPV 5/10 = 50.0%, stated verbatim by the authors, with a 90.9% tested fraction and an active-surveillance denominator - the only one of eleven that approaches the target estimand. Fails only on size. Village population 749; 1 death (CFR 9.1%). Note positivity 0.50 approaches Se_BC (~0.62), implying pi near 0.8, consistent with an exposure-linked point-source frame rather than community surveillance."
"SE Asia",94,"Anand PK, Ramakrishnan R, 2010. Investigation of the outbreak of typhoid in a village of Thar desert Rajasthan, India. Indian J Med Res 131:799-803.","in Koh window","BLOCKED - PMID 20571169. Indian J Med Res, no OA per Europe PMC. Abstract shows WIDAL ONLY: 'Forty three serum samples were reported positive for Widal agglutination test out of 70 tested' - no blood culture mentioned. Likely ineligible","ILL PRIORITY 4 - likely Widal-only","","Anand PK, Ramakrishnan R, 2010. Investigation of the outbreak of typhoid in a village of Thar desert Rajasthan, India. Indian J Med Res 131:799-803.","Anand PK, Ramakrishnan R","2010","","","","","","appiah2020_unique_outbreak_ppv_audit.csv","Appiah ref 94","Anand 2010","Thar desert village, Rajasthan, India","2007","219",,,,"10.4","FALSE","FALSE","not assessed",,,,,"patients","not assessed","not assessed","not assessed","not assessed","not assessed","unassessable","full text not available in Zotero; evidence limited to indexed abstract; BLOCKED - PMID 20571169. Indian J Med Res, no OA per Europe PMC. Abstract shows WIDAL ONLY: 'Forty three serum samples were reported positive for Widal agglutination test out of 70 tested' - no blood culture mentioned. Likely ineligible","not assessed","not assessed","full text retrieval required","Anand 2010","HIGHEST-PRIORITY UNRETRIEVED ROW: 219 cases with a 10.4% attack rate, within Koh's window but absent from Koh. Appiah ref 94."
"SE Asia",62,"Bhunia R, Hutin Y, Ramakrishnan R, Pal N, Sen T, Murhekar M, 2009. A typhoid fever outbreak in a slum of South Dumdum municipality, West Bengal, India, 2007. BMC Public Health 9:115.","in Koh window","READ (earlier pass) - only 4 tested; n<20","exclude","","Bhunia R, Hutin Y, Ramakrishnan R, Pal N, Sen T, Murhekar M, 2009. A typhoid fever outbreak in a slum of South Dumdum municipality, West Bengal, India, 2007. BMC Public Health 9:115.","Bhunia R, Hutin Y, Ramakrishnan R, Pal N, Sen T, Murhekar M","2009","","","","","","","Appiah ref 62","Bhunia 2009","South Dumdum, West Bengal, India","2007","103","","","","","FALSE","FALSE","","","","","","patients","","","","","","","review reconciliation record; READ (earlier pass) - only 4 tested; n<20","not eligible; see audit notes","","exclude","Bhunia 2009",""
"SE Asia",46,"Singla N, Bansal N, Gupta V, Chander J, 2013. Outbreak of Salmonella Typhi enteric fever in sub-urban area of north India: a public health perspective. Asian Pac J Trop Med 6:167-168.","in Koh window","READ (earlier pass) - no blood-culture denominator","exclude","#528","Outbreak of Salmonella Typhi enteric fever in sub-urban area of North India: a public health perspective","Singla, N.; Bansal, N.; Gupta, V.; Chander, J.","2013","10.1016/s1995-7645(13)60017-6","C:/Users/jonghoon.kim/Zotero/storage/HHKP6AWB/Singla et al. - 2013 - Outbreak of Salmonella Typhi enteric fever in sub-.pdf","2","13987","outbreak isolate series","covidence_no_timeseries_fulltext_ppv_audit.csv","Appiah ref 46","Singla 2013","Chandigarh, India","2009-2010",,,,,,"FALSE","FALSE","",,"18",,,"patients","18 outbreak-area blood-culture isolates (27 S. Typhi isolates laboratory-wide)","","","","No total blood cultures or suspected patients; retrospective isolate cluster.","unassessable","Zotero full text screened; see zotero_pdf","not eligible","not eligible","exclude","Singla 2013","Do not use 18/27 as PPV: 27 is the number of positive S. Typhi isolates in the laboratory window, not the number tested."
"SE Asia",54,"Purighalla S et al., 2017. Investigation into a community outbreak of Salmonella Typhi in Bengaluru, India. Indian J Med Res 146(Suppl):S15-S22.","in Koh window","READ - confirmed-case series; no denominator","exclude","#468","Investigation into a community outbreak of Salmonella Typhi in Bengaluru, India","Purighalla, S.; Esakimuthu, S.; Reddy, M.; Seth, T.; Patil, S. D.; Varghese, G. K.; Dasarathy, R.; Richard, V. S.; Sambandamurthy, V. K.","2017","10.4103/ijmr.IJMR_1201_16","C:/Users/jonghoon.kim/Zotero/storage/TKZHANV6/Purighalla et al. - 2017 - Investigation into a community outbreak of Salmone.pdf","8","42297","outbreak isolate series","covidence_no_timeseries_fulltext_ppv_audit.csv","Appiah ref 54","Purighalla 2017","Bengaluru (HSR Layout), Karnataka, India","2015-2016","24",,"24",,,"FALSE","FALSE","None - isolates were collected consecutively from the laboratory",,"24",,,"patients","BLOOD culture only (20 mL, BD Phoenix)","None. Cases are defined by isolate recovery: 24 S. Typhi isolates collected consecutively from blood cultures","Not reported. Clinician-ordered culture at a private tertiary hospital; the paper never states who was cultured or how many","No figure, but per-isolate dates of isolation are tabulated, so a confirmed-case series is reconstructable","No denominator of any kind: this is a lab isolate series, not a case series","unassessable","primary paper reviewed (Zotero TKZHANV6)","not eligible: confirmed-case series with no denominator","not eligible","exclude","Purighalla 2017","Molecular typing (ERIC-PCR) paper, not an epidemiological investigation: no case definition, no line list, no case-finding. Table has internal date errors contradicting the stated Dec 2015-Mar 2016 window (entries dated 2015 and Oct 2016)."
"W Pacific",48,"Goh K, Teo S, Tay L, Monteiro E, 1992. Epidemiology and control of an outbreak of typhoid in a psychiatric institution. Epidemiol Infect 108:221-230.","pre-2000","ABSTRACT RESOLVES IT - '95 (4.8%) of the 1965 inmates were infected, 47 with symptoms and 48 asymptomatic'; ascertained by RECTAL SWABBING, not blood; cases defined by infection status. PMID 1582465. Full text IS open access via Europe PMC","exclude: infection-defined, wrong specimen","","Goh K, Teo S, Tay L, Monteiro E, 1992. Epidemiology and control of an outbreak of typhoid in a psychiatric institution. Epidemiol Infect 108:221-230.","Goh K, Teo S, Tay L, Monteiro E","1992","","","","","","appiah2020_unique_outbreak_ppv_audit.csv","Appiah ref 48","Goh 1992","Psychiatric institution, Singapore","1990","95",,,,"4.8","FALSE","FALSE","not assessed",,,,,"patients","not assessed","not assessed","not assessed","not assessed","not assessed","unassessable","indexed abstract screened; ABSTRACT RESOLVES IT - '95 (4.8%) of the 1965 inmates were infected, 47 with symptoms and 48 asymptomatic'; ascertained by RECTAL SWABBING, not blood; cases defined by infection status. PMID 1582465. Full text IS open access via Europe PMC","not assessed","not assessed","exclude: infection-defined, wrong specimen","Goh 1992","95 cases, institutional direct-contact transmission. Reactive Vi campaign with estimated VE 66% after the second dose. Appiah ref 48."
"W Pacific",96,"Olsen SJ et al., 2001. Restaurant-associated outbreak of Salmonella typhi in Nauru: an epidemiological and cost analysis. Epidemiol Infect 127:405-412.","pre-2000","READ - 19 tested ANY specimen (all positive); only 9 blood","exclude","#436","Restaurant-associated outbreak of Salmonella typhi in Nauru: an epidemiological and cost analysis","Olsen, S. J.; Kafoa, B.; Win, N. S.; Jose, M.; Bibb, W.; Luby, S.; Waidubu, G.; O'Leary, M.; Mintz, E.","2001","10.1017/s0950268801006033","C:/Users/jonghoon.kim/Zotero/storage/L4NVG5MI/Olsen et al. - 2001 - Restaurant-associated outbreak of Salmonella typhi.pdf","8","51993","outbreak investigation","covidence_no_timeseries_fulltext_ppv_audit.csv","Appiah ref 96","Olsen 2001","Republic of Nauru","1998-1999","50","19","9",,"0.5","FALSE","FALSE","50 met the clinical case definition; 19 had ANY specimen tested, 31 had none",,"9",,"0.38","patients","blood, stool and urine pooled in the confirmed definition; blood-specific positives reported separately (9 of 19)","Fever for >=3 days since 1 Oct 1998 plus >=1 of chills, sweats, headache, anorexia, malaise, weakness, diarrhoea, constipation, abdominal pain, cough, vomiting, in a resident of Nauru","Not reported as a clinical rule. Case-finding was retrospective and lab-record-driven: entry was via a positive culture OR a Widal screening record OR Typhoid-Committee recall, so the tested group is by construction the group that reached laboratory attention","Monthly epidemic curve available (Fig 1, 7 bars, confirmed vs clinical)","The 19 is ANY-specimen tested, not blood; a blood-tested denominator is absent. Only 9 of 50 clinical cases would have been blood-confirmed","high","primary paper reviewed (Zotero L4NVG5MI)","not eligible: tested denominator is any-specimen, not blood","not eligible","exclude","Olsen 2001","ALL 19 TESTED WERE POSITIVE (100% positivity, no test-negatives reported). That is diagnostic of non-systematic ascertainment: a systematically cultured suspect series would produce negatives. This is the clearest empirical illustration of the proposed exclusion rule (positivity >= Se_BC is unattainable for any admissible pi). No vaccination occurred; Vi appears only in a hypothetical cost model."
"W Pacific",43,"Yang HH et al., 2001. An outbreak of typhoid fever, Xing-An County, People's Republic of China, 1999: estimation of the field effectiveness of Vi polysaccharide typhoid vaccine. J Infect Dis 183:1775-1780.","pre-2000","READ - 2 blood-positive, no denominator ('done whenever possible'); 22/24 on Widal","exclude","#609","An outbreak of typhoid fever, Xing-An County, People's Republic of China, 1999: estimation of the field effectiveness of Vi polysaccharide typhoid vaccine","Yang, H. H.; Kilgore, P. E.; Yang, L. H.; Park, J. K.; Pan, Y. F.; Kim, Y.; Lee, Y. J.; Xu, Z. Y.; Clemens, J. D.","2001","10.1086/320729","C:/Users/jonghoon.kim/Zotero/storage/KX4KNIIV/Yang et al. - 2001 - An outbreak of typhoid fever, Xing-An County, Peop.pdf","6","50936","outbreak vaccine-effectiveness study","covidence_no_timeseries_fulltext_ppv_audit.csv","Appiah ref 43","Yang 2001","Xing-An County Middle School, Guangxi, China","1999","24",,"2",,,"FALSE","FALSE","24 met a composite case definition; the number offered blood culture is never stated",,"2",,,"patients","BLOOD culture only (clean scope) plus Widal serology","S. Typhi by blood culture OR (temp >=38.5 C with fever >=24h) AND >=1 of fatigue/headache/malaise/anorexia/abdominal pain/constipation AND a positive Widal titre","Explicit capacity gate: 'patients routinely had blood specimens taken at the time of admission for diagnosis of typhoid fever by use of the Widal test, and BLOOD CULTURES WERE DONE WHENEVER POSSIBLE'. Widal was routine; culture was opportunistic","Weekly epidemic curve available (Fig 1, 8 weeks)","Blood-specific numerator (2) exists but has no denominator - the count offered culture is never given","high","primary paper reviewed (Zotero KX4KNIIV)","not eligible: no blood-culture denominator","not eligible","exclude","Yang 2001","One of Appiah's eight blood-culture-alone papers, but unusable: only 2/24 cases are culture-confirmed and 22/24 rest on Widal. 'Blood cultures were done whenever possible' is the second explicit statement that the culture gate is CAPACITY, not severity. School Vi campaign: 1701/2111 (81%) vaccinated; VE 71% (95% CI 34-87)."
"W Pacific",58,"Anita S, Amir KM, Fadzilah K, Ahamad J, Noorhaida U, Marina K, Paid MY, Hanif Z, 2012. Risk factors for typhoid outbreak in Sungai Congkak recreational park, Selangor 2009. Med J Malaysia 67:12-16.","in Koh window","READ - case definition REQUIRES isolation; pi=1 by construction","exclude","#35","Risk factors for typhoid outbreak in Sungai Congkak Recreational Park, Selangor 2009","Anita, S.; Amir, K. M.; Fadzilah, K.; Ahamad, J.; Noorhaida, U.; Marina, K.; Paid, M. Y.; Hanif, Z.","2012","","C:/Users/jonghoon.kim/Zotero/storage/UXDNSEK9/Anita et al. - 2012 - Risk factors for typhoid outbreak in Sungai Congka.pdf","5","29011","outbreak investigation","covidence_no_timeseries_fulltext_ppv_audit.csv","Appiah ref 58","Anita 2012","Sungai Congkak Recreational Park, Selangor, Malaysia","2009","45",,"4",,,"FALSE","FALSE","No syndromic denominator exists; 45 clinic-record suspects sit outside the case definition",,"4",,,"patients","blood OR urine OR stool pooled in the case definition; active screening used stool only","A person with or without clinical features, WITH ISOLATION of S. typhi in blood or urine or stool, who had visited the park on 27 Jan 2009","Passive, clinician-initiated and confirmation-gated. The case definition requires isolation, so untested suspects can never become cases. The 4 index cases were blood-cultured as paediatric inpatients, i.e. admission was the de facto blood-culture gate; the retrospective arm cultured stool only, weeks after onset","Daily epidemic curve available (Fig 1)","pi = 1 by construction: cases are defined by culture positivity, so no independent denominator exists","high","primary paper reviewed (Zotero UXDNSEK9)","not eligible: confirmed-case series with no syndromic denominator","not eligible","exclude","Anita 2012","Cleanest example of the confirmed-case-series pattern. The 12 cases are pooled blood/urine/stool and never disaggregated; only the 4 index paediatric cases are known blood-culture. Paper has numerous internal inconsistencies (68 vs 75 controls; 14 vs 39 suspects; OR 13 vs 14 vs 14.44). Typhoid vaccination of food handlers recommended post-outbreak with no numbers."
"W Pacific",65,"Yan M, Li X, Liao Q, Li F, Zhang J, Kan B, 2016. The emergence and outbreak of multidrug-resistant typhoid fever in China. Emerg Microbes Infect 5:e62.","in Koh window","READ - blood OR stool pooled (55); no denominator. Epi data in Chinese ref (Dang 2011)","exclude","#607","The emergence and outbreak of multidrug-resistant typhoid fever in China","Yan, M.; Li, X.; Liao, Q.; Li, F.; Zhang, J.; Kan, B.","2016","10.1038/emi.2016.62","C:/Users/jonghoon.kim/Zotero/storage/GQ2VZCBZ/Yan et al. - 2016 - The emergence and outbreak of multidrug-resistant .pdf","7","45802","molecular outbreak report","covidence_no_timeseries_fulltext_ppv_audit.csv","Appiah ref 65","Yan 2016","Shache county, Xinjiang, China","2010","253",,,,,"FALSE","FALSE","253 reported cases (55 laboratory-confirmed, 198 clinically diagnosed); culture frame not stated",,,,,"patients","blood OR stool, pooled and unseparable","Persistent fever >=38 C for >3 days with headache, hypoeosinophilia OR a positive Widal test, without other diagnosed cause","Effectively not reported: 'blood and stool samples were collected for the suspected cases' with no counts and no selection rule","No epidemic curve in this paper; narrative timing only","No tested denominator; 55 isolates are blood-or-stool with no breakdown","unassessable","primary paper reviewed (Zotero GQ2VZCBZ)","not eligible: no tested denominator and specimens pooled","not eligible","source reconstruction needed","Yan 2016","This is a MOLECULAR paper, not the primary outbreak report. Epi denominators and any epidemic curve are in the Chinese-language reference (Dang J et al., Occup and Health 2011;27:1288-1289), which would need retrieval and translation. The case definition itself admits Widal-positive patients as 'clinically diagnosed'. Vi vaccine was used as a control measure with no coverage reported."
"W Pacific",40,"Kobayashi T et al., 2016. Case report: an outbreak of food-borne typhoid fever due to Salmonella enterica serotype Typhi in Japan reported for the first time in 16 years. Am J Trop Med Hyg 94:289-291.","in Koh window","READ - cases DEFINED by blood-culture positivity (pattern a)","exclude","#307","Case Report: An Outbreak of Food-Borne Typhoid Fever Due to Salmonella enterica Serotype Typhi in Japan Reported for the First Time in 16 Years","Kobayashi, T.; Kutsuna, S.; Hayakawa, K.; Kato, Y.; Ohmagari, N.; Uryu, H.; Yamada, R.; Kashiwa, N.; Nei, T.; Ehara, A.; Takei, R.; Mori, N.; Yamada, Y.; Hayasaka, T.; Kagawa, N.; Sugawara, M.; Suzaki, A.; Takahashi, Y.; Nishiyama, H.; Morita, M.; Izumiya, H.; Ohnishi, M.","2016","10.4269/ajtmh.15-0484","C:/Users/jonghoon.kim/Zotero/storage/I985QLEY/Kobayashi et al. - 2016 - Case Report An Outbreak of Food-Borne Typhoid Fev.pdf","3","28121","small outbreak case report","covidence_no_timeseries_fulltext_ppv_audit.csv","Appiah ref 40","Kobayashi 2016","Tokyo, Japan","2014","8",,,,,"FALSE","FALSE","Eight outbreak-linked culture-positive patients, including the index food handler","8","8","1","1","patients","blood culture in all eight reported patients","Patients entered the report after blood-culture confirmation","not assessed","not assessed","Confirmation-defined denominator; 8/8 is not PPV among independently ascertained suspects.","critical","primary Zotero full text screened (Kobayashi et al. - 2016 - Case Report An Outbreak of Food-Borne Typhoid Fev.pdf)","exclude: n<20","exclude: n<20","exclude","Kobayashi 2016","Complete culture among reported cases does not overcome incorporation bias because the case series itself is defined by positive culture."
