"study","country","year","suspected","tested","confirmed_cx","attack_pct","population","positivity","exclude_reason","usable","community_syndromic","blood_volume_ml"
"Aye 2004","Myanmar",2000,49,22,3,2.9,1102,0.136363636363636,"",TRUE,TRUE,
"Lewis 2005","Nepal",2002,5963,104,39,6.49,92214,0.375,"",TRUE,FALSE,
"Neil 2012","Uganda",2007,577,54,19,8.09,670000,0.351851851851852,"",TRUE,TRUE,
"Ali 2017","DRC",2011,1430,16,6,0.6,400000,0.375,"",TRUE,FALSE,
"Roy 2016","India",2014,79,13,6,1.95,,0.461538461538462,"",TRUE,FALSE,
"Kabwama 2017","Uganda",2015,10230,364,56,0.95,1076842,0.153846153846154,"",TRUE,TRUE,
"Nimonkar 2022","India",2019,75,75,75,1.64,,1,"confirmed-case series: tested denominator appears constituted by positives",FALSE,FALSE,
"Srinivasan 2022","India",2019,51,51,51,0.9,,1,"confirmed-case series: tested denominator appears constituted by positives",FALSE,FALSE,
"Wang 2022","China",2022,23,1,1,21.7,106,1,"confirmed-case series: tested denominator appears constituted by positives",FALSE,FALSE,
