decision_date,study,primary_include,sensitivity_use,audited_suspected_testing_frame,audited_blood_tested,audited_blood_positive,blood_volume_ml,verification_adjustment_grade,denominator_compatibility_override,recommended_use_override,audit_notes_override,clinical_testing_country_or_economy,world_bank_fy2027_income_group,target_income_setting_eligible,target_scope_disposition,target_synthesis_role
8/13/2026,Aye 2004,TRUE,Selection-bias structural sensitivity,49,22,3,,major,Compatible tested denominator but not representative of all suspected cases,human-adjudicated primary evidence,Use 3/22 as primary blood-culture evidence; incomplete verification has an unreported selection mechanism.,Myanmar,Lower middle income,TRUE,target_eligible,target_primary
8/13/2026,Neil 2012,TRUE,Selection and time-varying ascertainment sensitivity,577,54,19,,major,Corrected blood-specific denominator is valid for the cultured subset but not representative of all 577 suspected cases,human-adjudicated primary evidence,Use 19/54 as primary blood-culture evidence; reject the obsolete pooled 25/63 count.,Uganda,Low income,TRUE,target_eligible,target_primary
8/13/2026,Kabwama 2017,TRUE,Selection-bias structural sensitivity,10230,364,56,,major,Corrected tested denominator is valid for the cultured subset but not demonstrated representative of all 10230 suspected cases,human-adjudicated primary evidence,Use 56/364 as primary blood-culture evidence; reject the stale 51/364 count.,Uganda,Low income,TRUE,target_eligible,target_primary
8/13/2026,Hu 2022,FALSE,Expanded-setting transportability sensitivity only; World Bank FY2027 upper-middle-income economy,31,31,24,5,,Complete blood testing within the reported suspected-case frame,expanded-setting sensitivity only; outside target low- or lower-middle-income synthesis,"Use 24/31 as primary blood-culture evidence and fix blood volume at the verified 5 mL. Under the JHK-approved 2026-08-20 amendment, the clinical cohort/testing setting is outside the World Bank FY2027 low- or lower-middle-income target. Retain an otherwise usable pair only as expanded-setting sensitivity evidence.",China,Upper middle income,FALSE,expanded_setting_sensitivity_only,expanded_setting_sensitivity_only
8/13/2026,Makungo 2020,FALSE,Expanded-setting transportability sensitivity only; World Bank FY2027 upper-middle-income economy,122,65,7,,,The NICD bulletin establishes a patient-level blood-culture denominator; partial testing was partly resource-driven and may not represent all 122 suspected cases,expanded-setting sensitivity only; outside target low- or lower-middle-income synthesis,"Use reconstructed 7/65 as primary blood-culture evidence. The NICD bulletin reports specimens from 106 unique suspected cases and all seven confirmed cases were blood-culture positive. Under the JHK-approved 2026-08-20 amendment, the clinical cohort/testing setting is outside the World Bank FY2027 low- or lower-middle-income target. Retain an otherwise usable pair only as expanded-setting sensitivity evidence.",South Africa,Upper middle income,FALSE,expanded_setting_sensitivity_only,expanded_setting_sensitivity_only
8/13/2026,N'cho 2019,FALSE,Partial-identification and maximal blood-attribution sensitivity only,583,286,74,,,The 286 cultures are not disaggregated by blood stool or rectal swab; no blood-specific tested/positive pair is recoverable,sensitivity only: mixed-specimen maximal-attribution and partial-identification analysis,Exclude from the primary blood-culture likelihood. Use 74/286 only as an upper-bound maximal-attribution input for blood-culture positivity because the numerator pools blood stool and rectal-swab positives; it is not an observed blood-culture rate or a strict upper bound on latent true PPV under imperfect culture sensitivity.,Zimbabwe,Lower middle income,TRUE,target_eligible,target_sensitivity_only
8/13/2026,Dhadwal 2008,TRUE,Reduced blood-culture sensitivity after prior antibiotics and leave-one-study-out sensitivity,98,92,5,,negligible/low,The 5/92 pair is blood-specific with 93.9 percent testing coverage; clinical eligibility is incompletely specified and the cohort was classified predominantly by Widal after admission,human-adjudicated primary evidence,Use 5/92 as primary blood-culture evidence. Interpret latent PPV with structural sensitivity for antibiotic-depressed blood-culture sensitivity and case-definition transportability.,India,Lower middle income,TRUE,target_eligible,target_primary
8/13/2026,Swaddiwudhipong 2001,FALSE,Expanded-setting transportability and small-study sensitivity only; World Bank FY2027 upper-middle-income economy,11,10,5,,,The 5/10 pair is blood-specific with near-complete testing but falls below the human-approved primary sample-size rule,expanded-setting sensitivity only; outside target income setting and below 20 cultured patients,"Exclude from the primary likelihood and retain 5/10 only as a sensitivity analysis. Under the JHK-approved 2026-08-20 amendment, the clinical cohort/testing setting is outside the World Bank FY2027 low- or lower-middle-income target. Retain an otherwise usable pair only as expanded-setting sensitivity evidence.",Thailand,Upper middle income,FALSE,expanded_setting_sensitivity_only,expanded_setting_sensitivity_only
8/19/2026,Kulkarni 1996,FALSE,Selected-sample and reconstructed-count sensitivity only,415,11,9,,,Valid only for the selected cultured subset; not representative of all 415 suspected cases,sensitivity only: reconstructed blood-specific pair from selected patients,"JHK confirmed sensitivity-only use of reconstructed 9/11 on 2026-08-19. Methods and Table 2 support nine S. Typhi-positive blood cultures among 11 blood cultures; Table 1 appears to transpose the blood and stool labels. Only 11 of 415 suspected cases were cultured, and their selection was not described.",India,Lower middle income,TRUE,target_eligible,target_sensitivity_only
8/20/2026,Nyamusore 2018,FALSE,Early-phase blood-sample yield with unknown patient selection and patient uniqueness,,19,8,,,"Direct blood-sample tested/positive pair, but no patient-level syndromic denominator is temporally aligned with the 28-29 November investigation.",sensitivity only: early selected blood-sample yield,"Use 8/19 only. Patient uniqueness and selection are unreported. Do not use 1,894, 1,553, or 260 as the suspected denominator or derive a testing fraction.",Rwanda,Low income,TRUE,target_eligible,target_sensitivity_only
8/20/2026,Arora 1992,FALSE,Hospital-admitted pediatric suspected-case frame; direct 98/117 with complete blood-culture testing,117,117,98,,,"Compatible within the admitted suspected-patient frame, but not representative of all community suspected cases.",sensitivity only: hospital-admitted denominator,"Table IV directly reports 98/117 blood cultures positive and Methods states that all 117 admitted suspected cases were cultured. Do not pool the separate 7/7 bone-marrow result because the paper states 103 total culture-positive cases, inconsistent with 98 plus 7.",India,Lower middle income,TRUE,target_eligible,target_sensitivity_only
8/20/2026,Lightowler MS 2022,TRUE,"Harare-family overlap, restricted-frame, and leave-one-out sensitivity",504,499,148,,negligible/low,"Near-complete verification within the age-, facility-, suburb-, and campaign-restricted eligible frame; transportability beyond that frame remains limited.",human-adjudicated primary evidence with Harare-family overlap sensitivity,JHK approved 148/499 for primary analysis on 2026-08-20. Two eligible participants lacked blood collection and three cultures were contaminated; retain overlap and restricted-frame sensitivity analyses.,Zimbabwe,Lower middle income,TRUE,target_eligible,target_primary
8/20/2026,Yousafzai MT 2021,TRUE,Major verification-selection and Hyderabad-family overlap sensitivity,5378,2496,775,,major,"The all-S. Typhi pair is valid for cultured children, but only 46.4% of suspected children were cultured and representativeness is uncertain.",human-adjudicated primary evidence; preferred Hyderabad-family observation,"JHK approved 775/2,496 for primary analysis on 2026-08-20. It is the preferred all-S. Typhi Hyderabad-family observation; Qamar 2018 remains sensitivity-only.",Pakistan,Lower middle income,TRUE,target_eligible,target_primary
8/20/2026,Bhunia 2009,FALSE,Very small selected-sample sensitivity only,103,4,1,,,Valid only for four selected antibiotic-naive cultured patients; not representative of all 103 suspected cases.,sensitivity only: very small selected cultured subset,JHK approved sensitivity-only use of direct 1/4 on 2026-08-20 because only four of 103 suspected cases were cultured.,India,Lower middle income,TRUE,target_eligible,target_sensitivity_only
8/20/2026,Qamar 2018,FALSE,XDR-restricted numerator and Hyderabad-family overlap sensitivity only,170,170,70,,,"Complete testing is reported within the active-surveillance arm, but 70 is an XDR-restricted rather than explicitly all-S. Typhi numerator.",sensitivity only: direct XDR positivity alternative within the Hyderabad family,JHK approved sensitivity-only use of direct 70/170 on 2026-08-20. The paper reports 486 confirmed XDR cases as 416 laboratory-surveillance plus 70 active-surveillance cases; the legacy 486/586 pooled pair is invalid.,Pakistan,Lower middle income,TRUE,target_eligible,target_sensitivity_only
8/20/2026,Olgemoeller F 2020,FALSE,Severity-gated laparotomy/perforation-cohort and Blantyre-family sensitivity only,23,14,4,,,Direct 4/14 pair within 23 laparotomy patients; not representative of ordinary suspected outbreak cases.,sensitivity only: severe surgical-selection estimand,"JHK approved sensitivity-only use of direct 4/14 on 2026-08-20. The denominator is a fixed prospective cohort of 23 laparotomy patients with suspected or possible typhoid perforation, so this is a severe, complication-gated estimand rather than PPV among ordinary suspected cases.",Malawi,Low income,TRUE,target_eligible,target_sensitivity_only
8/20/2026,Ali 2017,FALSE,Early blood-specific 6/16 outbreak-confirmation sensitivity only,1430,16,6,,,"Only 16 initial blood samples among 1,430 reported suspected cases; later mixed-specimen and clinical confirmation is not pooled.",sensitivity only: selected early blood-culture subset,"JHK approved sensitivity-only use of the blood-specific 6/16 pair on 2026-08-20. Sixteen initial blood samples were cultured among 1,430 reported suspected cases; later confirmation used mixed specimen types and clinical diagnosis and is not pooled with this pair.","Congo, Dem. Rep.",Low income,TRUE,target_eligible,target_sensitivity_only
8/20/2026,Lewis 2005,FALSE,Direct 33/98 six-hour febrile-outpatient sampling-frame sensitivity only,100,98,33,,,"Complete or near-complete testing within a six-hour febrile-outpatient sample, but not representative of all outbreak suspects.",sensitivity only: phase-specific hospital sampling frame,JHK approved sensitivity-only use on 2026-08-20. Use the directly reported 33 S. Typhi-positive cultures among 98 cultures obtained from 100 febrile outpatients sampled during one six-hour hospital window. Do not pool the separate selected 6/6 BZH cultures re-incubated at NPHL; the prior 39/104 reconstruction combined distinct sampling frames. The residual blood volume available for culture was reported as 0.5-2.0 mL; no single scalar volume is assigned.,Nepal,Lower middle income,TRUE,target_eligible,target_sensitivity_only
8/20/2026,Lutterloh 2012,FALSE,Direct person-level 44/108 phase-varying diagnostic-yield sensitivity only,,108,44,,,Valid person-level blood pair; the 303-category outbreak total is not a culture-independent suspected denominator.,sensitivity only: phase-varying laboratory ascertainment,"JHK approved sensitivity-only use of the direct person-level 44/108 blood-culture pair on 2026-08-20. The report gives 112 blood cultures from 108 people, with 46 positive cultures from 44 people. The broader 303 total combines 214 syndromic-suspected, 43 TUBEX-probable, and 46 culture-confirmed cases under nonnested definitions, so it is not a culture-independent suspected denominator and is retained only as outbreak context. Laboratory access and culture selection changed during the investigation.",Malawi and Mozambique,Low income,TRUE,target_eligible,target_sensitivity_only
8/20/2026,Michel 2005,FALSE,Direct 5/6 closed vaccinated military-cohort sensitivity only,24,6,5,,,"Direct within 24 independently defined clinical cases, but only six were cultured in a closed vaccinated military cohort.",sensitivity only: phase-selected exposure cohort,"JHK approved sensitivity-only use of direct 5/6 on 2026-08-20. All 24 cases met the stated clinical rule, but only six were blood cultured during the clinical phase and five grew S. Typhi. The closed, vaccinated French military exposure cohort and phase-specific culture selection are not transportable to community suspected-case PPV. Serology and stool results are not pooled.",Côte d'Ivoire,Lower middle income,TRUE,target_eligible,target_sensitivity_only
8/20/2026,Misra 2005,FALSE,Main-text and Table-2 93/150 admitted-cohort sensitivity only,150,150,93,,,Cohort-wide testing is implied and internally coherent at 93/150; the hospital-admitted frame is not community representative.,sensitivity only: hospital-admitted outbreak cohort,JHK approved sensitivity-only use of 93/150 on 2026-08-20. The main Results text and Table 2 report 93 blood-culture-positive cases among the 150-case admitted cohort (62%). The abstract's 92 (63%) is internally inconsistent and is retained only as a documented source discrepancy. The 150 tested denominator is cohort-implied by the Methods and Results wording. Widal positivity and three bone-marrow confirmations remain separate.,India,Lower middle income,TRUE,target_eligible,target_sensitivity_only
8/20/2026,Olaru 2019,FALSE,Pre-vaccination reconstructed 41/226 broad-febrile-frame sensitivity only,,226,41,,,"Aligned pre-vaccination blood-culture cells, but no separate suspected-case denominator and patient uniqueness is not explicit.",sensitivity only: pre-vaccination broad febrile frame,"JHK selected the pre-vaccination subset for sensitivity-only use. The selected 41/226 is reconstructed exactly from 23/109 children plus 18/117 adults before vaccination. The all-period 61/316 also includes the nested post-vaccination 20/90 and is context only; these totals must not be modeled together. The denominator is reported as blood cultures among febrile FIEBRE attendees, without a separate suspected-case frame or explicit patient-uniqueness statement. Lightowler remains the preferred primary Harare-family observation.",Zimbabwe,Lower middle income,TRUE,target_eligible,target_sensitivity_only
8/21/2026,Roy 2016,FALSE,Direct 6/13 selected-culture sensitivity only,79,13,6,,,Valid direct blood pair in a selected subset; 79 is a broader outbreak case frame rather than a completely verified cohort.,sensitivity only: phase-specific selectively cultured outbreak frame,"JHK approved sensitivity-only use of the directly reported 6/13 blood-culture pair on 2026-08-21. The paper reports 79 outbreak cases, but only 13 fever patients were selected for blood culture and six grew S. Typhi. The 79-case outbreak frame is not a completely verified clinical cohort; Widal testing and the small selected culture subset limit transportability to all suspected community cases.",India,Lower middle income,TRUE,target_eligible,target_sensitivity_only
8/21/2026,"Walters 2014 (1), Kasese",FALSE,Kasese prospective-frame 7/74 sensitivity only,149,74,7,,,"The 149 prospective cases align temporally with the culture period, but severity and daily-quota sampling make verification incomplete.",sensitivity only: phase-specific selectively cultured outbreak frame,"JHK approved both district-specific Walters observations for sensitivity-only use on 2026-08-21. The report directly identifies 149 Kasese and 128 Bundibugyo cases during prospective laboratory-enhanced case finding; these are prospective case frames, not blood-culture denominators or the full-outbreak totals of 709 and 333. Blood culture yield was 7/74 in Kasese and 15/72 in Bundibugyo. Culturing was severity- and daily-quota-selected, so neither pair represents complete verification of its prospective frame.",Uganda,Low income,TRUE,target_eligible,target_sensitivity_only
8/21/2026,"Walters 2014 (2), Bundibugyo",FALSE,Bundibugyo prospective-frame 15/72 sensitivity only,128,72,15,,,"The 128 prospective cases align temporally with the culture period, but severity and daily-quota sampling make verification incomplete.",sensitivity only: phase-specific selectively cultured outbreak frame,"JHK approved both district-specific Walters observations for sensitivity-only use on 2026-08-21. The report directly identifies 149 Kasese and 128 Bundibugyo cases during prospective laboratory-enhanced case finding; these are prospective case frames, not blood-culture denominators or the full-outbreak totals of 709 and 333. Blood culture yield was 7/74 in Kasese and 15/72 in Bundibugyo. Culturing was severity- and daily-quota-selected, so neither pair represents complete verification of its prospective frame.",Uganda,Low income,TRUE,target_eligible,target_sensitivity_only
8/21/2026,Khan V. 2022,TRUE,Phase-specific rapid-response-visit cohort; retain the cumulative composite 174 count as context only,54,54,9,15,negligible/low,Complete verification within the 54 symptomatic residents at the rapid-response visit; 174 is not an aligned tested denominator,human-adjudicated target primary evidence with phase-specific sensitivity caveat,JHK approved Khan V. 2022 for the target primary PPV layer on 2026-08-21 using the direct 54 suspected / 54 blood-cultured / 9 S. Typhi-positive rapid-response-visit cohort. Complete verification within this cohort supports primary use. The separately reported 174 is the cumulative outbreak total combining clinically suspected and laboratory-confirmed reports; it is context only and is not an aligned tested denominator. The primary estimate remains phase-specific.,India,Lower middle income,TRUE,target_eligible,target_primary
