Disease,Parameter,Unit,Value,SD,Lower_95,Upper_95,Min,Max,Reference,Note,
Cholera,Duration_Illness,Day,2,,,,,12,Weil (2009) Clin Infect Dis,,
Cholera,Prop_Asymptomatic,Proportion,0.745,,,,,,Jackson (2013) Am J Trop Med Hyg.,,
Cholera,Prop_Mild,Proportion,0.069,,,,,,Jackson (2013) Am J Trop Med Hyg.,,
Cholera,Prop_Moderate,Proportion,0.097,,,,,,Jackson (2013) Am J Trop Med Hyg.,,
Cholera,Prop_Severe,Proportion,0.09,,,,,,Jackson (2013) Am J Trop Med Hyg.,,
Cholera,Disability_Weight_Asymptomatic,Proportion,0,,,,,,GBD 2017 Disease and Injury Incidence and Prevalence Collaborators (2018) Lancet,,
Cholera,Disability_Weight_Mild,Proportion,0.074,,,,,,GBD 2017 Disease and Injury Incidence and Prevalence Collaborators (2018) Lancet,,
Cholera,Disability_Weight_Moderate ,Proportion,0.188,,0.125,0.264,,,GBD 2017 Disease and Injury Incidence and Prevalence Collaborators (2018) Lancet,,
Cholera,Disability_Weight_Severe,Proportion,0.247,,0.164,0.348,,,GBD 2017 Disease and Injury Incidence and Prevalence Collaborators (2018) Lancet,,
Cholera,Duration_Campaign_Median,Day,5,NA,NA,NA,NA,NA,Pezzoli (2020) Vaccine,,
Cholera,Duration_Campaign,Day,5,2.94,NA,NA,3,NA,Edosa (2024) Clin Infect Dis & Pezzoli (2020) Vaccine,,
Cholera,Duration_Campaign_Ethiopia,Day,8.55,1.96,NA,NA,5,11,Edosa (2024) Clin Infect Dis,Lower_95 is an assumption,
Cholera,Rate_Discount,Per Year,0.03,,,,,,Jeuland (2009) Value in Health,,
Cholera,Efficacy_Vaccine,Proportion,0.64,,0.58,0.7,,,Bi et al. (2017) Lancet Infect Dis,,
Cholera,Efficacy_Vaccine_U5,Proportion,0.3,,0.15,0.42,,,Bi et al. (2017) Lancet Infect Dis,,
Cholera,Delay_Vacc_Eff,Day,10.5,,,,3,21,Quiding (1991) J Clin Invest; Kanungo (2009) Vacine; Chac (2021) Infection and Immunity; Chowdhury (2020) PLoS Neglected Tropical Diseases; Raghava (2019) PLoS One; Charles (2014) PLoS Neglected Tropical Diseases,Lower_95 chosen to be within the observed minimum,
Cholera,Year_Reference,Year,2022,,,,,,,,
Cholera,Vaccine_Cost,US Dollar,1.65,,NA,NA,,,UNICEF (2024) OCV Vaccines Prices,,
Cholera,Vaccine_Delivery_Cost,US Dollar,0.91,,NA,NA,,,Sarker (2022) Vaccine: X; USD$0.65 from Gavi (2023) Vaccine Funding Guidelines,,
Cholera,Vaccine_Shipping_Cost,US Dollar,0.06,,NA,NA,,,UNICEF (2024) Emergency Stockpile Availability Report OCV,,
Cholera,Discount,NA,0.03,,NA,NA,,,Jeuland (2009) Value in Health,,
Cholera,Patient_Cost_Hosp,US Dollar,38.87,,NA,NA,,,Mogasale (2021) BMJ Open,,
Cholera,Patient_Cost_Outpt,US Dollar,5.71,,NA,NA,,,Mogasale (2021) BMJ Open,,
Cholera,Public_Cost_Hosp,US Dollar,65.77,,NA,NA,,,Mogasale (2021) BMJ Open,,
Cholera,Public_Cost_Outpt,US Dollar,2.84,,NA,NA,,,Mogasale (2021) BMJ Open,,
Cholera,Pt_Workdays_Lost,Days,5.76,,NA,NA,,,Mogasale (2021) BMJ Open,,
Cholera,Caregiver_Workdays_Lost,Days,3.86,,NA,NA,,,Mogasale (2021) BMJ Open,,
Cholera,Mean_Age_Infection,Years,26,,NA,NA,,,Lee (2019) PLoS Med,,
Typhoid,Duration_Illness_Moderate,Days,14,,NA,NA,7,21,"(GBD 2017 Disease and Injury Incidence and Prevalence Collaborators, 2018)",,
Typhoid,Duration_Illness_Severe,Days,28,,NA,NA,14,49,"(GBD 2017 Disease and Injury Incidence and Prevalence Collaborators, 2018)",,
Typhoid,Prop_Asymptomatic,Proportion,,,,,,,,,
Typhoid,Prop_Mild,Proportion,,,,,,,,,
Typhoid,Prop_Moderate,Proportion,0.35,,0.26,0.443,NA,NA,35.0% (26.0-44.3) (GBD 2017),,
Typhoid,Prop_Severe,Proportion,0.4775,,0.38,0.574,NA,NA,47.75% (38.0-57.4) (GBD 2017),,
Typhoid,Prop_GI_Bleed,Proportion,0.17,,0.10,0.257,NA,NA,17.0% (10.0-25.7) (GBD 2017),,
Typhoid,Prop_Intestinal_Perf,Proportion,0.0025,,0,0.02,NA,NA,0.25% (0-2.0) (GBD 2017),,
Typhoid,Disability_Weight_Asymptomatic,Proportion,0,,,,,,,,
Typhoid,Disability_Weight_Mild,Proportion,0.005,,0.003,0.007,NA,NA,Bilcke et al 2019. Used the GBD 2010 disability weights and cited that GBD 2013 has higher European respondents and thus was less representative of LIMCs,,
Typhoid,Disability_Weight_Moderate ,Proportion,0.051,,0.032,0.074,NA,NA,,,
Typhoid,Disability_Weight_Severe,Proportion,0.133,,0.088,0.19,NA,NA,,,
Typhoid,Disability_Weight_GI_Bleed,Proportion,0.325,,0.209,0.462,NA,NA,,,
Typhoid,Disability_Weight_Intestinal_Perf,Proportion,0.324,,0.22,0.462,NA,NA,,,
Typhoid,Duration_Campaign,Day,,,,,,,,,
Typhoid,Rate_Discount,Per Year,0.03,,,,,,,,
Typhoid,Efficacy_Vaccine,Proportion,0.87,,0.80,0.91,NA,NA,"Batool et al., 2024",,
Typhoid,Efficacy_Vaccine_U5,Proportion,0.73,,0.53,0.85,NA,NA,"Batool et al., 2024",,
Typhoid,Delay_Vacc_Eff,Day,28,,NA,NA,,,,,
Typhoid,Year_Reference,Year,,,,,,,,,
Typhoid,Vaccine_Cost,US Dollar,1.50,,NA,NA,0.23,0.30,"USD 2025. BE Vaccines Singapore is 0.23$ per dose while Bharat is 0.30$. Chose 0.30 for now to be more conservative and Bilcke et al. 2019 only cite Bharat, but could be because Singapore is newer",,
Typhoid,Vaccine_Equipment_Cost,US Dollar,0.23,,0.21,0.24,,,Median. Bilcke et al. 2019,,
Typhoid,Mean_Age_Infection,Year,13,,,,,,,,