study_id,start_date,end_date,total_cases,suspected_cases,confirmed_cases,probable_cases,date_onset,date_confirmation
Hendriksen 2015,2010-01-01,2010-01-30,17,17,,,F,F
Hendriksen 2015,2010-02-01,2010-02-28,1,1,,,F,F
Hendriksen 2015,2010-03-01,2010-03-30,0,0,,,F,F
Hendriksen 2015,2010-04-01,2010-04-30,20,20,,,F,F
Hendriksen 2015,2010-05-01,2010-05-30,16,16,,,F,F
Hendriksen 2015,2010-06-01,2010-06-30,16,16,,,F,F
Hendriksen 2015,2010-07-01,2010-07-30,4,4,,,F,F
Hendriksen 2015,2010-08-01,2010-08-30,3,3,,,F,F
Hendriksen 2015,2010-09-01,2010-09-30,19,19,,,F,F
Hendriksen 2015,2010-10-01,2010-10-30,8,8,,,F,F
Hendriksen 2015,2010-11-01,2010-11-30,83,83,,,F,F
Hendriksen 2015,2010-12-01,2010-12-30,74,74,,,F,F
Hendriksen 2015,2011-01-01,2011-01-30,104,104,,,F,F
Hendriksen 2015,2011-02-01,2011-02-28,62,62,,,F,F
Hendriksen 2015,2011-03-01,2011-03-30,81,81,,,F,F
Hendriksen 2015,2011-04-01,2011-04-30,101,101,,,F,F
Hendriksen 2015,2011-05-01,2011-05-30,81,81,,,F,F
Hendriksen 2015,2011-06-01,2011-06-30,47,47,,,F,F
Hendriksen 2015,2011-07-01,2011-07-30,49,49,,,F,F
Hendriksen 2015,2011-08-01,2011-08-30,36,36,,,F,F
Hendriksen 2015,2011-09-01,2011-09-30,30,30,,,F,F
Hendriksen 2015,2011-10-01,2011-10-30,70,70,,,F,F
Hendriksen 2015,2011-11-01,2011-11-30,34,34,,,F,F
Hendriksen 2015,2011-12-01,2011-12-30,87,87,,,F,F
Hendriksen 2015,2012-01-01,2012-01-30,190,190,,,F,F
Hendriksen 2015,2012-02-01,2012-02-29,246,246,,,F,F
Hendriksen 2015,2012-03-01,2012-03-30,109,109,,,F,F
Hendriksen 2015,2012-04-01,2012-04-30,134,134,,,F,F
Hendriksen 2015,2012-05-01,2012-05-30,128,128,,,F,F
Hendriksen 2015,2012-06-01,2012-06-30,76,76,,,F,F
Hendriksen 2015,2012-07-01,2012-07-30,43,43,,,F,F
Hendriksen 2015,2012-08-01,2012-08-30,23,23,,,F,F
Hendriksen 2015,2012-09-01,2012-09-30,48,48,,,F,F
Aye 2004,2000-08-10,2000-08-14,0,,,0,T,F
Aye 2004,2000-08-15,2000-08-20,1,,,1,T,F
Aye 2004,2000-08-21,2000-08-25,3,,,3,T,F
Aye 2004,2000-08-25,2000-08-30,2,,,2,T,F
Aye 2004,2000-08-31,2000-09-04,4,,,4,T,F
Aye 2004,2000-09-05,2000-09-09,6,,,6,T,F
Aye 2004,2000-09-10,2000-09-15,10,,,10,T,F
Aye 2004,2000-09-16,2000-09-20,3,,,3,T,F
Aye 2004,2000-09-21,2000-09-25,4,,,4,T,F
Aye 2004,2000-09-26,2000-09-30,0,,,0,T,F
Lewis 2005,2002-05-01,2002-05-01,10,10,,,F,F
Lewis 2005,2002-05-02,2002-05-02,7,7,,,F,F
Lewis 2005,2002-05-03,2002-05-03,12,12,,,F,F
Lewis 2005,2002-05-04,2002-05-04,8,8,,,F,F
Lewis 2005,2002-05-05,2002-05-05,9,9,,,F,F
Lewis 2005,2002-05-06,2002-05-06,9,9,,,F,F
Lewis 2005,2002-05-07,2002-05-07,7,7,,,F,F
Lewis 2005,2002-05-08,2002-05-08,8,8,,,F,F
Lewis 2005,2002-05-09,2002-05-09,14,14,,,F,F
Lewis 2005,2002-05-10,2002-05-10,7,7,,,F,F
Lewis 2005,2002-05-11,2002-05-11,17,17,,,F,F
Lewis 2005,2002-05-12,2002-05-12,10,10,,,F,F
Lewis 2005,2002-05-13,2002-05-13,7,7,,,F,F
Lewis 2005,2002-05-14,2002-05-14,9,9,,,F,F
Lewis 2005,2002-05-15,2002-05-15,7,7,,,F,F
Lewis 2005,2002-05-16,2002-05-16,7,7,,,F,F
Lewis 2005,2002-05-17,2002-05-17,7,7,,,F,F
Lewis 2005,2002-05-18,2002-05-18,12,12,,,F,F
Lewis 2005,2002-05-19,2002-05-19,15,15,,,F,F
Lewis 2005,2002-05-20,2002-05-20,12,12,,,F,F
Lewis 2005,2002-05-21,2002-05-21,22,22,,,F,F
Lewis 2005,2002-05-22,2002-05-22,26,26,,,F,F
Lewis 2005,2002-05-23,2002-05-23,12,12,,,F,F
Lewis 2005,2002-05-24,2002-05-24,50,50,,,F,F
Lewis 2005,2002-05-25,2002-05-25,52,52,,,F,F
Lewis 2005,2002-05-26,2002-05-26,68,68,,,F,F
Lewis 2005,2002-05-27,2002-05-27,97,97,,,F,F
Lewis 2005,2002-05-28,2002-05-28,97,97,,,F,F
Lewis 2005,2002-05-29,2002-05-29,92,92,,,F,F
Lewis 2005,2002-05-30,2002-05-30,72,72,,,F,F
Lewis 2005,2002-05-31,2002-05-31,116,116,,,F,F
Lewis 2005,2002-06-01,2002-06-01,83,83,,,F,F
Lewis 2005,2002-06-02,2002-06-02,234,234,,,F,F
Lewis 2005,2002-06-03,2002-06-03,180,180,,,F,F
Lewis 2005,2002-06-04,2002-06-04,179,179,,,F,F
Lewis 2005,2002-06-05,2002-06-05,143,143,,,F,F
Lewis 2005,2002-06-06,2002-06-06,187,187,,,F,F
Lewis 2005,2002-06-07,2002-06-07,140,140,,,F,F
Lewis 2005,2002-06-08,2002-06-08,121,121,,,F,F
Lewis 2005,2002-06-09,2002-06-09,273,273,,,F,F
Lewis 2005,2002-06-10,2002-06-10,134,134,,,F,F
Lewis 2005,2002-06-11,2002-06-11,190,190,,,F,F
Lewis 2005,2002-06-12,2002-06-12,215,215,,,F,F
Lewis 2005,2002-06-13,2002-06-13,190,190,,,F,F
Lewis 2005,2002-06-14,2002-06-14,165,165,,,F,F
Lewis 2005,2002-06-15,2002-06-15,82,82,,,F,F
Lewis 2005,2002-06-16,2002-06-16,180,180,,,F,F
Lewis 2005,2002-06-17,2002-06-17,155,155,,,F,F
Lewis 2005,2002-06-18,2002-06-18,137,137,,,F,F
Lewis 2005,2002-06-19,2002-06-19,139,139,,,F,F
Lewis 2005,2002-06-20,2002-06-20,100,100,,,F,F
Lewis 2005,2002-06-21,2002-06-21,105,105,,,F,F
Lewis 2005,2002-06-22,2002-06-22,61,61,,,F,F
Lewis 2005,2002-06-23,2002-06-23,102,102,,,F,F
Lewis 2005,2002-06-24,2002-06-24,121,121,,,F,F
Lewis 2005,2002-06-25,2002-06-25,113,113,,,F,F
Lewis 2005,2002-06-26,2002-06-26,121,121,,,F,F
Lewis 2005,2002-06-27,2002-06-27,74,74,,,F,F
Lewis 2005,2002-06-28,2002-06-28,79,79,,,F,F
Lewis 2005,2002-06-29,2002-06-29,35,35,,,F,F
Lewis 2005,2002-06-30,2002-06-30,107,107,,,F,F
Lewis 2005,2002-07-01,2002-07-01,70,70,,,F,F
Lewis 2005,2002-07-02,2002-07-02,76,76,,,F,F
Lewis 2005,2002-07-03,2002-07-03,76,76,,,F,F
Lewis 2005,2002-07-04,2002-07-04,86,86,,,F,F
Lewis 2005,2002-07-05,2002-07-05,79,79,,,F,F
Lewis 2005,2002-07-06,2002-07-06,14,14,,,F,F
Lewis 2005,2002-07-07,2002-07-07,65,65,,,F,F
Lewis 2005,2002-07-08,2002-07-08,70,70,,,F,F
Lewis 2005,2002-07-09,2002-07-09,61,61,,,F,F
Lewis 2005,2002-07-10,2002-07-10,71,71,,,F,F
Lewis 2005,2002-07-11,2002-07-11,65,65,,,F,F
Lewis 2005,2002-07-12,2002-07-12,42,42,,,F,F
Lewis 2005,2002-07-13,2002-07-13,27,27,,,F,F
Lewis 2005,2002-07-14,2002-07-14,44,44,,,F,F
Al-Sanouri 2008,2004-10-30,2004-11-05,5,5,,,F,F
Al-Sanouri 2008,2004-11-06,2004-11-12,0,0,,,F,F
Al-Sanouri 2008,2004-11-13,2004-11-19,5,5,,,F,F
Al-Sanouri 2008,2004-11-20,2004-11-26,12,12,,,F,F
Al-Sanouri 2008,2004-11-27,2004-12-03,16,16,,,F,F
Al-Sanouri 2008,2004-12-04,2004-12-10,17,17,,,F,F
Al-Sanouri 2008,2004-12-11,2004-12-17,22,22,,,F,F
Al-Sanouri 2008,2004-12-18,2004-12-24,6,6,,,F,F
Al-Sanouri 2008,2004-12-25,2004-12-31,0,0,,,F,F
Muyembe-Tamfum 2009,2004-10-01,2004-10-01,1,,,1,F,F
Muyembe-Tamfum 2009,2004-10-02,2004-10-02,0,,,0,F,F
Muyembe-Tamfum 2009,2004-10-03,2004-10-03,0,,,0,F,F
Muyembe-Tamfum 2009,2004-10-04,2004-10-04,0,,,0,F,F
Muyembe-Tamfum 2009,2004-10-05,2004-10-05,0,,,0,F,F
Muyembe-Tamfum 2009,2004-10-06,2004-10-06,0,,,0,F,F
Muyembe-Tamfum 2009,2004-10-07,2004-10-07,0,,,0,F,F
Muyembe-Tamfum 2009,2004-10-08,2004-10-08,2,,,2,F,F
Muyembe-Tamfum 2009,2004-10-09,2004-10-09,0,,,0,F,F
Muyembe-Tamfum 2009,2004-10-10,2004-10-10,0,,,0,F,F
Muyembe-Tamfum 2009,2004-10-11,2004-10-11,1,,,1,F,F
Muyembe-Tamfum 2009,2004-10-12,2004-10-12,0,,,0,F,F
Muyembe-Tamfum 2009,2004-10-13,2004-10-13,0,,,0,F,F
Muyembe-Tamfum 2009,2004-10-14,2004-10-14,1,,,1,F,F
Muyembe-Tamfum 2009,2004-10-15,2004-10-15,3,,,3,F,F
Muyembe-Tamfum 2009,2004-10-16,2004-10-16,0,,,0,F,F
Muyembe-Tamfum 2009,2004-10-17,2004-10-17,1,,,1,F,F
Muyembe-Tamfum 2009,2004-10-18,2004-10-18,0,,,0,F,F
Muyembe-Tamfum 2009,2004-10-19,2004-10-19,0,,,0,F,F
Muyembe-Tamfum 2009,2004-10-20,2004-10-20,0,,,0,F,F
Muyembe-Tamfum 2009,2004-10-21,2004-10-21,2,,,2,F,F
Muyembe-Tamfum 2009,2004-10-22,2004-10-22,1,,,1,F,F
Muyembe-Tamfum 2009,2004-10-23,2004-10-23,0,,,0,F,F
Muyembe-Tamfum 2009,2004-10-24,2004-10-24,0,,,0,F,F
Muyembe-Tamfum 2009,2004-10-25,2004-10-25,1,,,1,F,F
Muyembe-Tamfum 2009,2004-10-26,2004-10-26,1,,,1,F,F
Muyembe-Tamfum 2009,2004-10-27,2004-10-27,9,,,9,F,F
Muyembe-Tamfum 2009,2004-10-28,2004-10-28,2,,,2,F,F
Muyembe-Tamfum 2009,2004-10-29,2004-10-29,1,,,1,F,F
Muyembe-Tamfum 2009,2004-10-30,2004-10-30,0,,,0,F,F
Muyembe-Tamfum 2009,2004-10-31,2004-10-31,0,,,0,F,F
Muyembe-Tamfum 2009,2004-11-01,2004-11-01,2,,,2,F,F
Muyembe-Tamfum 2009,2004-11-02,2004-11-02,0,,,0,F,F
Muyembe-Tamfum 2009,2004-11-03,2004-11-03,0,,,0,F,F
Muyembe-Tamfum 2009,2004-11-04,2004-11-04,0,,,0,F,F
Muyembe-Tamfum 2009,2004-11-05,2004-11-05,3,,,3,F,F
Muyembe-Tamfum 2009,2004-11-06,2004-11-06,2,,,2,F,F
Muyembe-Tamfum 2009,2004-11-07,2004-11-07,2,,,2,F,F
Muyembe-Tamfum 2009,2004-11-08,2004-11-08,1,,,1,F,F
Muyembe-Tamfum 2009,2004-11-09,2004-11-09,1,,,1,F,F
Muyembe-Tamfum 2009,2004-11-10,2004-11-10,3,,,3,F,F
Muyembe-Tamfum 2009,2004-11-11,2004-11-11,0,,,0,F,F
Muyembe-Tamfum 2009,2004-11-12,2004-11-12,2,,,2,F,F
Muyembe-Tamfum 2009,2004-11-13,2004-11-13,2,,,2,F,F
Muyembe-Tamfum 2009,2004-11-14,2004-11-14,2,,,2,F,F
Muyembe-Tamfum 2009,2004-11-15,2004-11-15,2,,,2,F,F
Muyembe-Tamfum 2009,2004-11-16,2004-11-16,2,,,2,F,F
Muyembe-Tamfum 2009,2004-11-17,2004-11-17,2,,,2,F,F
Muyembe-Tamfum 2009,2004-11-18,2004-11-18,1,,,1,F,F
Muyembe-Tamfum 2009,2004-11-19,2004-11-19,1,,,1,F,F
Muyembe-Tamfum 2009,2004-11-20,2004-11-20,2,,,2,F,F
Muyembe-Tamfum 2009,2004-11-21,2004-11-21,0,,,0,F,F
Muyembe-Tamfum 2009,2004-11-22,2004-11-22,0,,,0,F,F
Muyembe-Tamfum 2009,2004-11-23,2004-11-23,1,,,1,F,F
Muyembe-Tamfum 2009,2004-11-24,2004-11-24,1,,,1,F,F
Muyembe-Tamfum 2009,2004-11-25,2004-11-25,1,,,1,F,F
Muyembe-Tamfum 2009,2004-11-26,2004-11-26,0,,,0,F,F
Muyembe-Tamfum 2009,2004-11-27,2004-11-27,10,,,10,F,F
Muyembe-Tamfum 2009,2004-11-28,2004-11-28,0,,,0,F,F
Muyembe-Tamfum 2009,2004-11-29,2004-11-29,0,,,0,F,F
Muyembe-Tamfum 2009,2004-11-30,2004-11-30,0,,,0,F,F
Muyembe-Tamfum 2009,2004-12-01,2004-12-01,9,,,9,F,F
Muyembe-Tamfum 2009,2004-12-02,2004-12-02,4,,,4,F,F
Muyembe-Tamfum 2009,2004-12-03,2004-12-03,1,,,1,F,F
Muyembe-Tamfum 2009,2004-12-04,2004-12-04,3,,,3,F,F
Muyembe-Tamfum 2009,2004-12-05,2004-12-05,6,,,6,F,F
Muyembe-Tamfum 2009,2004-12-06,2004-12-06,2,,,2,F,F
Muyembe-Tamfum 2009,2004-12-07,2004-12-07,8,,,8,F,F
Muyembe-Tamfum 2009,2004-12-08,2004-12-08,1,,,1,F,F
Muyembe-Tamfum 2009,2004-12-09,2004-12-09,4,,,4,F,F
Muyembe-Tamfum 2009,2004-12-10,2004-12-10,7,,,7,F,F
Muyembe-Tamfum 2009,2004-12-11,2004-12-11,6,,,6,F,F
Muyembe-Tamfum 2009,2004-12-12,2004-12-12,7,,,7,F,F
Muyembe-Tamfum 2009,2004-12-13,2004-12-13,5,,,5,F,F
Muyembe-Tamfum 2009,2004-12-14,2004-12-14,3,,,3,F,F
Muyembe-Tamfum 2009,2004-12-15,2004-12-15,3,,,3,F,F
Muyembe-Tamfum 2009,2004-12-16,2004-12-16,8,,,8,F,F
Muyembe-Tamfum 2009,2004-12-17,2004-12-17,5,,,5,F,F
Muyembe-Tamfum 2009,2004-12-18,2004-12-18,4,,,4,F,F
Muyembe-Tamfum 2009,2004-12-19,2004-12-19,0,,,0,F,F
Muyembe-Tamfum 2009,2004-12-20,2004-12-20,1,,,1,F,F
Muyembe-Tamfum 2009,2004-12-21,2004-12-21,1,,,1,F,F
Muyembe-Tamfum 2009,2004-12-22,2004-12-22,3,,,3,F,F
Muyembe-Tamfum 2009,2004-12-23,2004-12-23,1,,,1,F,F
Muyembe-Tamfum 2009,2004-12-24,2004-12-24,0,,,0,F,F
Muyembe-Tamfum 2009,2004-12-25,2004-12-25,0,,,0,F,F
Muyembe-Tamfum 2009,2004-12-26,2004-12-26,1,,,1,F,F
Muyembe-Tamfum 2009,2004-12-27,2004-12-27,3,,,3,F,F
Muyembe-Tamfum 2009,2004-12-28,2004-12-28,2,,,2,F,F
Muyembe-Tamfum 2009,2004-12-29,2004-12-29,0,,,0,F,F
Muyembe-Tamfum 2009,2004-12-30,2004-12-30,3,,,3,F,F
Muyembe-Tamfum 2009,2004-12-31,2004-12-31,8,,,8,F,F
Muyembe-Tamfum 2009,2005-01-01,2005-01-01,6,,,6,F,F
Muyembe-Tamfum 2009,2005-01-02,2005-01-02,2,,,2,F,F
Muyembe-Tamfum 2009,2005-01-03,2005-01-03,3,,,3,F,F
Muyembe-Tamfum 2009,2005-01-04,2005-01-04,2,,,2,F,F
Limpitikul 2014 (1),2009-10-01,2009-10-31,3,,3,,F,F
Limpitikul 2014 (1),2009-11-01,2009-11-30,17,,17,,F,F
Limpitikul 2014 (1),2009-12-01,2009-12-31,62,,62,,F,F
Limpitikul 2014 (1),2010-01-01,2010-01-31,34,,34,,F,F
Limpitikul 2014 (1),2010-02-01,2010-02-28,19,,19,,F,F
Limpitikul 2014 (1),2010-03-01,2010-03-31,2,,2,,F,F
Limpitikul 2014 (2),2010-09-01,2010-09-30,2,,2,,F,F
Limpitikul 2014 (2),2010-10-01,2010-10-31,5,,5,,F,F
Limpitikul 2014 (2),2010-11-01,2010-11-30,5,,5,,F,F
Limpitikul 2014 (2),2010-12-01,2010-12-31,31,,31,,F,F
Limpitikul 2014 (2),2011-01-01,2011-01-31,45,,45,,F,F
Limpitikul 2014 (2),2011-02-01,2011-02-28,42,,42,,F,F
Limpitikul 2014 (2),2011-03-01,2011-03-31,39,,39,,F,F
Limpitikul 2014 (2),2011-04-01,2011-04-30,15,,15,,F,F
Limpitikul 2014 (2),2011-05-01,2011-05-31,13,,13,,F,F
Limpitikul 2014 (2),2011-06-01,2011-06-30,32,,32,,F,F
Limpitikul 2014 (2),2011-07-01,2011-07-31,2,,2,,F,F
Neil 2012,2007-12-27,2008-01-02,1,1,,,T,F
Neil 2012,2008-01-03,2008-01-09,0,0,,,T,F
Neil 2012,2008-01-10,2008-01-16,2,2,,,T,F
Neil 2012,2008-01-17,2008-01-23,3,3,,,T,F
Neil 2012,2008-01-24,2008-01-30,2,2,,,T,F
Neil 2012,2008-01-31,2008-02-06,3,3,,,T,F
Neil 2012,2008-02-07,2008-02-13,1,1,,,T,F
Neil 2012,2008-02-14,2008-02-20,4,4,,,T,F
Neil 2012,2008-02-21,2008-02-27,2,2,,,T,F
Neil 2012,2008-02-28,2008-03-05,7,7,,,T,F
Neil 2012,2008-03-06,2008-03-12,3,3,,,T,F
Neil 2012,2008-03-13,2008-03-19,3,3,,,T,F
Neil 2012,2008-03-20,2008-03-26,2,2,,,T,F
Neil 2012,2008-03-27,2008-04-02,4,4,,,T,F
Neil 2012,2008-04-03,2008-04-09,3,3,,,T,F
Neil 2012,2008-04-10,2008-04-16,2,2,,,T,F
Neil 2012,2008-04-17,2008-04-23,3,3,,,T,F
Neil 2012,2008-04-24,2008-04-30,3,3,,,T,F
Neil 2012,2008-05-01,2008-05-07,6,6,,,T,F
Neil 2012,2008-05-08,2008-05-14,3,3,,,T,F
Neil 2012,2008-05-15,2008-05-21,3,3,,,T,F
Neil 2012,2008-05-22,2008-05-28,2,2,,,T,F
Neil 2012,2008-05-29,2008-06-04,1,1,,,T,F
Neil 2012,2008-06-05,2008-06-11,1,1,,,T,F
Neil 2012,2008-06-12,2008-06-18,2,2,,,T,F
Neil 2012,2008-06-19,2008-06-25,3,3,,,T,F
Neil 2012,2008-06-26,2008-07-02,2,2,,,T,F
Neil 2012,2008-07-03,2008-07-09,4,4,,,T,F
Neil 2012,2008-07-10,2008-07-16,7,7,,,T,F
Neil 2012,2008-07-17,2008-07-23,6,6,,,T,F
Neil 2012,2008-07-24,2008-07-30,1,1,,,T,F
Neil 2012,2008-07-31,2008-08-06,2,2,,,T,F
Neil 2012,2008-08-07,2008-08-13,1,1,,,T,F
Neil 2012,2008-08-14,2008-08-20,4,4,,,T,F
Neil 2012,2008-08-21,2008-08-27,1,1,,,T,F
Neil 2012,2008-08-28,2008-09-03,3,3,,,T,F
Neil 2012,2008-09-04,2008-09-10,2,2,,,T,F
Neil 2012,2008-09-11,2008-09-17,7,7,,,T,F
Neil 2012,2008-09-18,2008-09-24,3,3,,,T,F
Neil 2012,2008-09-25,2008-10-01,4,4,,,T,F
Neil 2012,2008-10-02,2008-10-08,6,6,,,T,F
Neil 2012,2008-10-09,2008-10-15,4,4,,,T,F
Neil 2012,2008-10-16,2008-10-22,10,10,,,T,F
Neil 2012,2008-10-23,2008-10-29,8,8,,,T,F
Neil 2012,2008-10-30,2008-11-05,12,12,,,T,F
Neil 2012,2008-11-06,2008-11-12,7,7,,,T,F
Neil 2012,2008-11-13,2008-11-19,15,15,,,T,F
Neil 2012,2008-11-20,2008-11-26,9,9,,,T,F
Neil 2012,2008-11-27,2008-12-03,16,16,,,T,F
Neil 2012,2008-12-04,2008-12-10,16,16,,,T,F
Neil 2012,2008-12-11,2008-12-17,27,27,,,T,F
Neil 2012,2008-12-18,2008-12-24,10,10,,,T,F
Neil 2012,2008-12-25,2008-12-31,12,12,,,T,F
Neil 2012,2009-01-01,2009-01-07,9,9,,,T,F
Neil 2012,2009-01-08,2009-01-14,3,3,,,T,F
Neil 2012,2009-01-15,2009-01-21,7,7,,,T,F
Neil 2012,2009-01-22,2009-01-28,7,7,,,T,F
Neil 2012,2009-01-29,2009-02-04,8,8,,,T,F
Neil 2012,2009-02-05,2009-02-11,11,11,,,T,F
Neil 2012,2009-02-12,2009-02-18,29,29,,,T,F
Neil 2012,2009-02-19,2009-02-25,28,28,,,T,F
Neil 2012,2009-02-26,2009-03-04,53,53,,,T,F
Neil 2012,2009-03-05,2009-03-11,45,45,,,T,F
Neil 2012,2009-03-12,2009-03-18,28,28,,,T,F
Neil 2012,2009-03-19,2009-03-25,11,11,,,T,F
Neil 2012,2009-03-26,2009-04-01,4,4,,,T,F
Neil 2012,2009-04-02,2009-04-08,0,0,,,T,F
Neil 2012,2009-04-09,2009-04-15,0,0,,,T,F
Neil 2012,2009-04-16,2009-04-22,1,1,,,T,F
Neil 2012,2009-04-23,2009-04-29,0,0,,,T,F
Neil 2012,2009-04-30,2009-05-06,0,0,,,T,F
Neil 2012,2009-05-07,2009-05-13,0,0,,,T,F
Neil 2012,2009-05-14,2009-05-20,0,0,,,T,F
Neil 2012,2009-05-21,2009-05-27,0,0,,,T,F
Neil 2012,2009-05-28,2009-06-03,1,1,,,T,F
Neil 2012,2009-06-04,2009-06-10,0,0,,,T,F
Neil 2012,2009-06-11,2009-06-17,0,0,,,T,F
Neil 2012,2009-06-18,2009-06-24,0,0,,,T,F
Neil 2012,2009-06-25,2009-07-01,1,1,,,T,F
Neil 2012,2009-07-02,2009-07-08,0,0,,,T,F
Lutterloh 2012,2009-03-01,2009-03-15,2,2,,,T,F
Lutterloh 2012,2009-03-16,2009-03-31,1,1,,,T,F
Lutterloh 2012,2009-04-01,2009-04-15,1,1,,,T,F
Lutterloh 2012,2009-04-16,2009-04-30,4,4,,,T,F
Lutterloh 2012,2009-05-01,2009-05-15,3,,,3,T,F
Lutterloh 2012,2009-05-16,2009-05-31,4,3,,1,T,F
Lutterloh 2012,2009-06-01,2009-06-15,12,9,1,2,T,F
Lutterloh 2012,2009-06-16,2009-06-30,7,6,,1,T,F
Lutterloh 2012,2009-07-01,2009-07-15,21,17,1,3,T,F
Lutterloh 2012,2009-07-16,2009-07-31,16,12,,4,T,F
Lutterloh 2012,2009-08-01,2009-08-15,22,20,,2,T,F
Lutterloh 2012,2009-08-16,2009-08-31,35,27,3,5,T,F
Lutterloh 2012,2009-09-01,2009-09-15,66,45,8,13,T,F
Lutterloh 2012,2009-09-16,2009-09-30,30,22,4,4,T,F
Lutterloh 2012,2009-10-01,2009-10-15,35,15,17,3,T,F
Lutterloh 2012,2009-10-16,2009-10-30,22,14,8,,T,F
Lutterloh 2012,2009-11-01,2009-11-13,8,7,1,,T,F
"Walters 2014, Kasese",2009-08-01,2009-08-31,18,18,,,T,F
"Walters 2014, Kasese",2009-09-01,2009-09-30,12,12,,,T,F
"Walters 2014, Kasese",2009-10-01,2009-10-31,11,11,,,T,F
"Walters 2014, Kasese",2009-11-01,2009-11-30,17,17,,,T,F
"Walters 2014, Kasese",2009-12-01,2009-12-31,17,17,,,T,F
"Walters 2014, Kasese",2010-01-01,2010-01-31,10,10,,,T,F
"Walters 2014, Kasese",2010-02-01,2010-02-28,19,19,,,T,F
"Walters 2014, Kasese",2010-03-01,2010-03-31,18,18,,,T,F
"Walters 2014, Kasese",2010-04-01,2010-04-30,15,15,,,T,F
"Walters 2014, Kasese",2010-05-01,2010-05-31,15,15,,,T,F
"Walters 2014, Kasese",2010-06-01,2010-06-30,20,20,,,T,F
"Walters 2014, Kasese",2010-07-01,2010-07-31,20,20,,,T,F
"Walters 2014, Kasese",2010-08-01,2010-08-31,15,15,,,T,F
"Walters 2014, Kasese",2010-09-01,2010-09-30,12,12,,,T,F
"Walters 2014, Kasese",2010-10-01,2010-10-31,15,15,,,T,F
"Walters 2014, Kasese",2010-11-01,2010-11-30,9,9,,,T,F
"Walters 2014, Kasese",2010-12-01,2010-12-31,18,18,,,T,F
"Walters 2014, Kasese",2011-01-01,2011-01-31,39,39,,,T,F
"Walters 2014, Kasese",2011-02-01,2011-02-28,26,26,,,T,F
"Walters 2014, Kasese",2011-03-01,2011-03-31,44,44,,,T,F
"Walters 2014, Kasese",2011-04-01,2011-04-30,38,38,,,T,F
"Walters 2014, Kasese",2011-05-01,2011-05-31,32,32,,,T,F
"Walters 2014, Kasese",2011-06-01,2011-06-30,33,33,,,T,F
"Walters 2014, Kasese",2011-07-01,2011-07-31,29,29,,,T,F
"Walters 2014, Kasese",2011-08-01,2011-08-31,19,19,,,T,F
"Walters 2014, Kasese",2011-09-01,2011-09-30,19,19,,,T,F
"Walters 2014, Kasese",2011-10-01,2011-10-31,28,28,,,T,F
"Walters 2014, Kasese",2011-11-01,2011-11-30,90,90,,,T,F
"Walters 2014, Kasese",2011-12-01,2011-12-31,37,37,,,T,F
"Walters 2014, Bundibugyo",2011-01-01,2011-01-31,3,3,,,T,F
"Walters 2014, Bundibugyo",2011-02-01,2011-02-28,1,1,,,T,F
"Walters 2014, Bundibugyo",2011-03-01,2011-03-31,2,2,,,T,F
"Walters 2014, Bundibugyo",2011-04-01,2011-04-30,3,3,,,T,F
"Walters 2014, Bundibugyo",2011-05-01,2011-05-31,8,8,,,T,F
"Walters 2014, Bundibugyo",2011-06-01,2011-06-30,11,11,,,T,F
"Walters 2014, Bundibugyo",2011-07-01,2011-07-31,19,19,,,T,F
"Walters 2014, Bundibugyo",2011-08-01,2011-08-31,72,72,,,T,F
"Walters 2014, Bundibugyo",2011-09-01,2011-09-30,17,17,,,T,F
"Walters 2014, Bundibugyo",2011-10-01,2011-10-31,64,64,,,T,F
"Walters 2014, Bundibugyo",2011-11-01,2011-11-30,76,76,,,T,F
"Walters 2014, Bundibugyo",2011-12-01,2011-12-31,17,17,,,T,F
Ali 2017,2011-11-06,2011-11-12,0,0,,,F,F
Ali 2017,2011-11-13,2011-11-19,0,0,,,F,F
Ali 2017,2011-11-20,2011-11-26,150,150,,,F,F
Ali 2017,2011-11-27,2011-12-03,164,164,,,F,F
Ali 2017,2011-12-04,2011-12-10,353,353,,,F,F
Ali 2017,2011-12-11,2011-12-17,240,240,,,F,F
Ali 2017,2011-12-18,2011-12-24,237,237,,,F,F
Ali 2017,2011-12-25,2011-12-31,185,185,,,F,F
Ali 2017,2012-01-01,2012-01-07,105,105,,,F,F
Ali 2017,2012-01-08,2012-01-14,29,29,,,F,F
Polonsky 2014_Kuwadzana,2011-10-06,2011-10-12,0,0,,,T,F
Polonsky 2014_Kuwadzana,2011-10-13,2011-10-19,0,0,,,T,F
Polonsky 2014_Kuwadzana,2011-10-20,2011-10-26,0,0,,,T,F
Polonsky 2014_Kuwadzana,2011-10-27,2011-11-02,5,5,,,T,F
Polonsky 2014_Kuwadzana,2011-11-03,2011-11-09,6,6,,,T,F
Polonsky 2014_Kuwadzana,2011-11-10,2011-11-16,8,8,,,T,F
Polonsky 2014_Kuwadzana,2011-11-17,2011-11-23,9,9,,,T,F
Polonsky 2014_Kuwadzana,2011-11-24,2011-11-30,12,12,,,T,F
Polonsky 2014_Kuwadzana,2011-12-01,2011-12-07,30,30,,,T,F
Polonsky 2014_Kuwadzana,2011-12-08,2011-12-14,9,9,,,T,F
Polonsky 2014_Kuwadzana,2011-12-15,2011-12-21,3,3,,,T,F
Polonsky 2014_Kuwadzana,2011-12-22,2011-12-28,8,8,,,T,F
Polonsky 2014_Kuwadzana,2011-12-29,2012-01-04,40,40,,,T,F
Polonsky 2014_Kuwadzana,2012-01-05,2012-01-11,140,140,,,T,F
Polonsky 2014_Kuwadzana,2012-01-12,2012-01-18,268,268,,,T,F
Polonsky 2014_Kuwadzana,2012-01-19,2012-01-25,265,265,,,T,F
Polonsky 2014_Kuwadzana,2012-01-26,2012-02-01,355,355,,,T,F
Polonsky 2014_Kuwadzana,2012-02-02,2012-02-08,134,134,,,T,F
Polonsky 2014_Kuwadzana,2012-02-09,2012-02-15,174,174,,,T,F
Polonsky 2014_Kuwadzana,2012-02-16,2012-02-22,131,131,,,T,F
Polonsky 2014_Kuwadzana,2012-02-23,2012-02-29,114,114,,,T,F
Polonsky 2014_Kuwadzana,2012-03-01,2012-03-07,67,67,,,T,F
Polonsky 2014_Kuwadzana,2012-03-08,2012-03-14,73,73,,,T,F
Polonsky 2014_Kuwadzana,2012-03-15,2012-03-21,9,9,,,T,F
"Polonsky 2014, Dzivaresekwa",2011-10-06,2011-10-12,3,3,,,T,F
"Polonsky 2014, Dzivaresekwa",2011-10-13,2011-10-19,6,6,,,T,F
"Polonsky 2014, Dzivaresekwa",2011-10-20,2011-10-26,11,11,,,T,F
"Polonsky 2014, Dzivaresekwa",2011-10-27,2011-11-02,22,22,,,T,F
"Polonsky 2014, Dzivaresekwa",2011-11-03,2011-11-09,48,48,,,T,F
"Polonsky 2014, Dzivaresekwa",2011-11-10,2011-11-16,54,54,,,T,F
"Polonsky 2014, Dzivaresekwa",2011-11-17,2011-11-23,97,97,,,T,F
"Polonsky 2014, Dzivaresekwa",2011-11-24,2011-11-30,79,79,,,T,F
"Polonsky 2014, Dzivaresekwa",2011-12-01,2011-12-07,110,110,,,T,F
"Polonsky 2014, Dzivaresekwa",2011-12-08,2011-12-14,46,46,,,T,F
"Polonsky 2014, Dzivaresekwa",2011-12-15,2011-12-21,47,47,,,T,F
"Polonsky 2014, Dzivaresekwa",2011-12-22,2011-12-28,49,49,,,T,F
"Polonsky 2014, Dzivaresekwa",2011-12-29,2012-01-04,38,38,,,T,F
"Polonsky 2014, Dzivaresekwa",2012-01-05,2012-01-11,35,35,,,T,F
"Polonsky 2014, Dzivaresekwa",2012-01-12,2012-01-18,32,32,,,T,F
"Polonsky 2014, Dzivaresekwa",2012-01-19,2012-01-25,20,20,,,T,F
"Polonsky 2014, Dzivaresekwa",2012-01-26,2012-02-01,27,27,,,T,F
"Polonsky 2014, Dzivaresekwa",2012-02-02,2012-02-08,32,32,,,T,F
"Polonsky 2014, Dzivaresekwa",2012-02-09,2012-02-15,41,41,,,T,F
"Polonsky 2014, Dzivaresekwa",2012-02-16,2012-02-22,49,49,,,T,F
"Polonsky 2014, Dzivaresekwa",2012-02-23,2012-02-29,28,28,,,T,F
"Polonsky 2014, Dzivaresekwa",2012-03-01,2012-03-07,27,27,,,T,F
"Polonsky 2014, Dzivaresekwa",2012-03-08,2012-03-14,14,14,,,T,F
"Polonsky 2014, Dzivaresekwa",2012-03-15,2012-03-21,1,1,,,T,F
Roy 2016,2014-01-09,2014-01-09,5,5,,,T,F
Roy 2016,2014-01-10,2014-01-10,1,1,,,T,F
Roy 2016,2014-01-11,2014-01-11,0,0,,,T,F
Roy 2016,2014-01-12,2014-01-12,4,4,,,T,F
Roy 2016,2014-01-13,2014-01-13,4,4,,,T,F
Roy 2016,2014-01-14,2014-01-14,3,3,,,T,F
Roy 2016,2014-01-15,2014-01-15,4,4,,,T,F
Roy 2016,2014-01-16,2014-01-16,0,0,,,T,F
Roy 2016,2014-01-17,2014-01-17,10,10,,,T,F
Roy 2016,2014-01-18,2014-01-18,3,3,,,T,F
Roy 2016,2014-01-19,2014-01-19,3,3,,,T,F
Roy 2016,2014-01-20,2014-01-20,14,14,,,T,F
Roy 2016,2014-01-21,2014-01-21,0,0,,,T,F
Roy 2016,2014-01-22,2014-01-22,4,4,,,T,F
Roy 2016,2014-01-23,2014-01-23,6,6,,,T,F
Roy 2016,2014-01-24,2014-01-24,2,2,,,T,F
Roy 2016,2014-01-25,2014-01-25,4,4,,,T,F
Roy 2016,2014-01-26,2014-01-26,3,3,,,T,F
Roy 2016,2014-01-27,2014-01-27,1,1,,,T,F
Roy 2016,2014-01-28,2014-01-28,0,0,,,T,F
Roy 2016,2014-01-29,2014-01-29,0,0,,,T,F
Roy 2016,2014-01-30,2014-01-30,2,2,,,T,F
Roy 2016,2014-01-31,2014-01-31,2,2,,,T,F
Roy 2016,2014-02-01,2014-02-01,1,1,,,T,F
Roy 2016,2014-02-02,2014-02-02,1,1,,,T,F
Roy 2016,2014-02-03,2014-02-03,0,0,,,T,F
Roy 2016,2014-02-04,2014-02-04,1,1,,,T,F
Roy 2016,2014-02-05,2014-02-05,0,0,,,T,F
Roy 2016,2014-02-06,2014-02-06,1,1,,,T,F
Kabwama 2017,2015-01-01,2015-01-01,59,59,,,T,F
Kabwama 2017,2015-01-02,2015-01-02,17,17,,,T,F
Kabwama 2017,2015-01-03,2015-01-03,40,40,,,T,F
Kabwama 2017,2015-01-04,2015-01-04,3,3,,,T,F
Kabwama 2017,2015-01-05,2015-01-05,3,3,,,T,F
Kabwama 2017,2015-01-06,2015-01-06,1,1,,,T,F
Kabwama 2017,2015-01-07,2015-01-07,4,4,,,T,F
Kabwama 2017,2015-01-08,2015-01-08,2,2,,,T,F
Kabwama 2017,2015-01-09,2015-01-09,5,5,,,T,F
Kabwama 2017,2015-01-10,2015-01-10,5,5,,,T,F
Kabwama 2017,2015-01-11,2015-01-11,0,0,,,T,F
Kabwama 2017,2015-01-12,2015-01-12,0,0,,,T,F
Kabwama 2017,2015-01-13,2015-01-13,2,2,,,T,F
Kabwama 2017,2015-01-14,2015-01-14,4,4,,,T,F
Kabwama 2017,2015-01-15,2015-01-15,15,15,,,T,F
Kabwama 2017,2015-01-16,2015-01-16,15,15,,,T,F
Kabwama 2017,2015-01-17,2015-01-17,1,1,,,T,F
Kabwama 2017,2015-01-18,2015-01-18,8,8,,,T,F
Kabwama 2017,2015-01-19,2015-01-19,8,8,,,T,F
Kabwama 2017,2015-01-20,2015-01-20,8,8,,,T,F
Kabwama 2017,2015-01-21,2015-01-21,1,1,,,T,F
Kabwama 2017,2015-01-22,2015-01-22,12,12,,,T,F
Kabwama 2017,2015-01-23,2015-01-23,1,1,,,T,F
Kabwama 2017,2015-01-24,2015-01-24,1,1,,,T,F
Kabwama 2017,2015-01-25,2015-01-25,5,5,,,T,F
Kabwama 2017,2015-01-26,2015-01-26,1,1,,,T,F
Kabwama 2017,2015-01-27,2015-01-27,5,5,,,T,F
Kabwama 2017,2015-01-28,2015-01-28,2,2,,,T,F
Kabwama 2017,2015-01-29,2015-01-29,0,0,,,T,F
Kabwama 2017,2015-01-30,2015-01-30,8,8,,,T,F
Kabwama 2017,2015-01-31,2015-01-31,2,2,,,T,F
Kabwama 2017,2015-02-01,2015-02-01,9,9,,,T,F
Kabwama 2017,2015-02-02,2015-02-02,2,2,,,T,F
Kabwama 2017,2015-02-03,2015-02-03,195,195,,,T,F
Kabwama 2017,2015-02-04,2015-02-04,53,53,,,T,F
Kabwama 2017,2015-02-05,2015-02-05,26,26,,,T,F
Kabwama 2017,2015-02-06,2015-02-06,13,13,,,T,F
Kabwama 2017,2015-02-07,2015-02-07,9,9,,,T,F
Kabwama 2017,2015-02-08,2015-02-08,7,7,,,T,F
Kabwama 2017,2015-02-09,2015-02-09,10,10,,,T,F
Kabwama 2017,2015-02-10,2015-02-10,8,8,,,T,F
Kabwama 2017,2015-02-11,2015-02-11,26,26,,,T,F
Kabwama 2017,2015-02-12,2015-02-12,50,50,,,T,F
Kabwama 2017,2015-02-13,2015-02-13,26,26,,,T,F
Kabwama 2017,2015-02-14,2015-02-14,21,21,,,T,F
Kabwama 2017,2015-02-15,2015-02-15,19,19,,,T,F
Kabwama 2017,2015-02-16,2015-02-16,105,105,,,T,F
Kabwama 2017,2015-02-17,2015-02-17,44,44,,,T,F
Kabwama 2017,2015-02-18,2015-02-18,56,56,,,T,F
Kabwama 2017,2015-02-19,2015-02-19,62,62,,,T,F
Kabwama 2017,2015-02-20,2015-02-20,101,101,,,T,F
Kabwama 2017,2015-02-21,2015-02-21,37,37,,,T,F
Kabwama 2017,2015-02-22,2015-02-22,135,135,,,T,F
Kabwama 2017,2015-02-23,2015-02-23,24,24,,,T,F
Kabwama 2017,2015-02-24,2015-02-24,45,45,,,T,F
Kabwama 2017,2015-02-25,2015-02-25,122,122,,,T,F
Kabwama 2017,2015-02-26,2015-02-26,98,98,,,T,F
Kabwama 2017,2015-02-27,2015-02-27,91,91,,,T,F
Kabwama 2017,2015-02-28,2015-02-28,102,102,,,T,F
Kabwama 2017,2015-03-01,2015-03-01,72,72,,,T,F
Kabwama 2017,2015-03-02,2015-03-02,311,311,,,T,F
Kabwama 2017,2015-03-03,2015-03-03,613,613,,,T,F
Kabwama 2017,2015-03-04,2015-03-04,233,233,,,T,F
Kabwama 2017,2015-03-05,2015-03-05,195,195,,,T,F
Kabwama 2017,2015-03-06,2015-03-06,232,232,,,T,F
Kabwama 2017,2015-03-07,2015-03-07,160,160,,,T,F
Kabwama 2017,2015-03-08,2015-03-08,92,92,,,T,F
Kabwama 2017,2015-03-09,2015-03-09,166,166,,,T,F
Kabwama 2017,2015-03-10,2015-03-10,156,156,,,T,F
Kabwama 2017,2015-03-11,2015-03-11,235,235,,,T,F
Kabwama 2017,2015-03-12,2015-03-12,311,311,,,T,F
Kabwama 2017,2015-03-13,2015-03-13,161,161,,,T,F
Kabwama 2017,2015-03-14,2015-03-14,200,200,,,T,F
Kabwama 2017,2015-03-15,2015-03-15,320,320,,,T,F
Kabwama 2017,2015-03-16,2015-03-16,279,279,,,T,F
Kabwama 2017,2015-03-17,2015-03-17,283,283,,,T,F
Kabwama 2017,2015-03-18,2015-03-18,242,242,,,T,F
Kabwama 2017,2015-03-19,2015-03-19,266,266,,,T,F
Kabwama 2017,2015-03-20,2015-03-20,279,279,,,T,F
Kabwama 2017,2015-03-21,2015-03-21,287,287,,,T,F
Kabwama 2017,2015-03-22,2015-03-22,361,361,,,T,F
Kabwama 2017,2015-03-23,2015-03-23,158,158,,,T,F
Kabwama 2017,2015-03-24,2015-03-24,112,112,,,T,F
Kabwama 2017,2015-03-25,2015-03-25,232,232,,,T,F
Kabwama 2017,2015-03-26,2015-03-26,145,145,,,T,F
Kabwama 2017,2015-03-27,2015-03-27,124,124,,,T,F
Kabwama 2017,2015-03-28,2015-03-28,152,152,,,T,F
Kabwama 2017,2015-03-29,2015-03-29,119,119,,,T,F
Kabwama 2017,2015-03-30,2015-03-30,90,90,,,T,F
Kabwama 2017,2015-03-31,2015-03-31,136,136,,,T,F
Kabwama 2017,2015-04-01,2015-04-01,93,93,,,T,F
Kabwama 2017,2015-04-02,2015-04-02,78,78,,,T,F
Kabwama 2017,2015-04-03,2015-04-03,144,144,,,T,F
Kabwama 2017,2015-04-04,2015-04-04,69,69,,,T,F
Kabwama 2017,2015-04-05,2015-04-05,33,33,,,T,F
Kabwama 2017,2015-04-06,2015-04-06,50,50,,,T,F
Kabwama 2017,2015-04-07,2015-04-07,39,39,,,T,F
Kabwama 2017,2015-04-08,2015-04-08,33,33,,,T,F
Kabwama 2017,2015-04-09,2015-04-09,56,56,,,T,F
Kabwama 2017,2015-04-10,2015-04-10,55,55,,,T,F
Kabwama 2017,2015-04-11,2015-04-11,36,36,,,T,F
Kabwama 2017,2015-04-12,2015-04-12,62,62,,,T,F
Kabwama 2017,2015-04-13,2015-04-13,36,36,,,T,F
Kabwama 2017,2015-04-14,2015-04-14,31,31,,,T,F
Kabwama 2017,2015-04-15,2015-04-15,51,51,,,T,F
Kabwama 2017,2015-04-16,2015-04-16,81,81,,,T,F
Kabwama 2017,2015-04-17,2015-04-17,37,37,,,T,F
Kabwama 2017,2015-04-18,2015-04-18,24,24,,,T,F
Kabwama 2017,2015-04-19,2015-04-19,49,49,,,T,F
Kabwama 2017,2015-04-20,2015-04-20,41,41,,,T,F
Kabwama 2017,2015-04-21,2015-04-21,51,51,,,T,F
Kabwama 2017,2015-04-22,2015-04-22,62,62,,,T,F
Kabwama 2017,2015-04-23,2015-04-23,19,19,,,T,F
Kabwama 2017,2015-04-24,2015-04-24,44,44,,,T,F
Kabwama 2017,2015-04-25,2015-04-25,23,23,,,T,F
Kabwama 2017,2015-04-26,2015-04-26,21,21,,,T,F
Kabwama 2017,2015-04-27,2015-04-27,16,16,,,T,F
Kabwama 2017,2015-04-28,2015-04-28,18,18,,,T,F
Kabwama 2017,2015-04-29,2015-04-29,13,13,,,T,F
Kabwama 2017,2015-04-30,2015-04-30,9,9,,,T,F
Kabwama 2017,2015-05-01,2015-05-01,34,34,,,T,F
Kabwama 2017,2015-05-02,2015-05-02,30,30,,,T,F
Kabwama 2017,2015-05-03,2015-05-03,28,28,,,T,F
Kabwama 2017,2015-05-04,2015-05-04,16,16,,,T,F
Kabwama 2017,2015-05-05,2015-05-05,10,10,,,T,F
Kabwama 2017,2015-05-06,2015-05-06,16,16,,,T,F
Kabwama 2017,2015-05-07,2015-05-07,12,12,,,T,F
Kabwama 2017,2015-05-08,2015-05-08,26,26,,,T,F
Kabwama 2017,2015-05-09,2015-05-09,14,14,,,T,F
Kabwama 2017,2015-05-10,2015-05-10,13,13,,,T,F
Kabwama 2017,2015-05-11,2015-05-11,12,12,,,T,F
Kabwama 2017,2015-05-12,2015-05-12,28,28,,,T,F
Kabwama 2017,2015-05-13,2015-05-13,7,7,,,T,F
Kabwama 2017,2015-05-14,2015-05-14,10,10,,,T,F
Kabwama 2017,2015-05-15,2015-05-15,6,6,,,T,F
Kabwama 2017,2015-05-16,2015-05-16,13,13,,,T,F
Kabwama 2017,2015-05-17,2015-05-17,18,18,,,T,F
Kabwama 2017,2015-05-18,2015-05-18,3,3,,,T,F
Kabwama 2017,2015-05-19,2015-05-19,2,2,,,T,F
Kabwama 2017,2015-05-20,2015-05-20,7,7,,,T,F
Kabwama 2017,2015-05-21,2015-05-21,3,3,,,T,F
Kabwama 2017,2015-05-22,2015-05-22,4,4,,,T,F
Kabwama 2017,2015-05-23,2015-05-23,0,0,,,T,F
Kabwama 2017,2015-05-24,2015-05-24,2,2,,,T,F
Kabwama 2017,2015-05-25,2015-05-25,0,0,,,T,F
Kabwama 2017,2015-05-26,2015-05-26,2,2,,,T,F
Kabwama 2017,2015-05-27,2015-05-27,0,0,,,T,F
Kabwama 2017,2015-05-28,2015-05-28,2,2,,,T,F
Kabwama 2017,2015-05-29,2015-05-29,0,0,,,T,F
Kabwama 2017,2015-05-30,2015-05-30,0,0,,,T,F
Kabwama 2017,2015-05-31,2015-05-31,0,0,,,T,F
Kabwama 2017,2015-06-01,2015-06-01,0,0,,,T,F
Kabwama 2017,2015-06-02,2015-06-02,0,0,,,T,F
Kabwama 2017,2015-06-03,2015-06-03,0,0,,,T,F
Kabwama 2017,2015-06-04,2015-06-04,0,0,,,T,F
Kabwama 2017,2015-06-05,2015-06-05,0,0,,,T,F
Kabwama 2017,2015-06-06,2015-06-06,0,0,,,T,F
Kabwama 2017,2015-06-07,2015-06-07,0,0,,,T,F
Kabwama 2017,2015-06-08,2015-06-08,0,0,,,T,F
Kabwama 2017,2015-06-09,2015-06-09,0,0,,,T,F
Kabwama 2017,2015-06-10,2015-06-10,0,0,,,T,F
Kabwama 2017,2015-06-11,2015-06-11,2,2,,,T,F
Kabwama 2017,2015-06-12,2015-06-12,2,2,,,T,F
Burnsed 2018,2015-01-19,2015-01-20,2,,1,1,T,F
Burnsed 2018,2015-01-20,2015-01-21,1,,1,,T,F
Burnsed 2018,2015-01-21,2015-01-22,0,,,,T,F
Burnsed 2018,2015-01-22,2015-01-23,0,,,,T,F
Burnsed 2018,2015-01-23,2015-01-24,0,,,,T,F
Burnsed 2018,2015-01-24,2015-01-25,1,,,1,T,F
Burnsed 2018,2015-01-25,2015-01-26,1,,1,,T,F
Burnsed 2018,2015-01-26,2015-01-27,0,,,,T,F
Burnsed 2018,2015-01-27,2015-01-28,0,,,,T,F
Burnsed 2018,2015-01-28,2015-01-29,0,,,,T,F
Burnsed 2018,2015-01-29,2015-01-30,3,,1,2,T,F
Burnsed 2018,2015-01-30,2015-01-31,1,,,1,T,F
Burnsed 2018,2015-01-31,2015-02-01,2,,2,,T,F
Burnsed 2018,2015-02-01,2015-02-02,4,,3,1,T,F
Burnsed 2018,2015-02-02,2015-02-03,3,,3,,T,F
Burnsed 2018,2015-02-03,2015-02-04,2,,,2,T,F
Burnsed 2018,2015-02-04,2015-02-05,1,,1,,T,F
Burnsed 2018,2015-02-05,2015-02-06,1,,1,,T,F
Burnsed 2018,2015-02-06,2015-02-07,3,,1,2,T,F
Burnsed 2018,2015-02-07,2015-02-08,2,,1,1,T,F
Burnsed 2018,2015-02-08,2015-02-09,3,,2,1,T,F
Burnsed 2018,2015-02-09,2015-02-10,1,,1,,T,F
Burnsed 2018,2015-02-10,2015-02-11,0,,,,T,F
Burnsed 2018,2015-02-11,2015-02-12,2,,2,,T,F
Burnsed 2018,2015-02-12,2015-02-13,0,,,,T,F
Burnsed 2018,2015-02-13,2015-02-14,1,,,1,T,F
Burnsed 2018,2015-02-14,2015-02-15,2,,2,,T,F
Burnsed 2018,2015-02-15,2015-02-16,0,,,,T,F
Burnsed 2018,2015-02-16,2015-02-17,0,,,,T,F
Burnsed 2018,2015-02-17,2015-02-18,0,,,,T,F
Burnsed 2018,2015-02-18,2015-02-19,0,,,,T,F
Burnsed 2018,2015-02-19,2015-02-20,0,,,,T,F
Burnsed 2018,2015-02-20,2015-02-21,1,,1,,T,F
Burnsed 2018,2015-02-21,2015-02-22,0,,,,T,F
Burnsed 2018,2015-02-22,2015-02-23,0,,,,T,F
Burnsed 2018,2015-02-23,2015-02-24,0,,,,T,F
Burnsed 2018,2015-02-24,2015-02-25,0,,,,T,F
Burnsed 2018,2015-02-25,2015-02-26,0,,,,T,F
Burnsed 2018,2015-02-26,2015-02-27,0,,,,T,F
Burnsed 2018,2015-02-27,2015-02-28,0,,,,T,F
Burnsed 2018,2015-02-28,2015-03-01,0,,,,T,F
Burnsed 2018,2015-03-01,2015-03-02,0,,,,T,F
Burnsed 2018,2015-03-02,2015-03-03,0,,,,T,F
Burnsed 2018,2015-03-03,2015-03-04,0,,,,T,F
Burnsed 2018,2015-03-04,2015-03-05,0,,,,T,F
Burnsed 2018,2015-03-05,2015-03-06,0,,,,T,F
Burnsed 2018,2015-03-06,2015-03-07,0,,,,T,F
Burnsed 2018,2015-03-07,2015-03-08,0,,,,T,F
Burnsed 2018,2015-03-08,2015-03-09,0,,,,T,F
Burnsed 2018,2015-03-09,2015-03-10,0,,,,T,F
Burnsed 2018,2015-03-10,2015-03-11,0,,,,T,F
Burnsed 2018,2015-03-11,2015-03-12,0,,,,T,F
Burnsed 2018,2015-03-12,2015-03-13,0,,,,T,F
Burnsed 2018,2015-03-13,2015-03-14,0,,,,T,F
Burnsed 2018,2015-03-14,2015-03-15,0,,,,T,F
Burnsed 2018,2015-03-15,2015-03-16,0,,,,T,F
Burnsed 2018,2015-03-16,2015-03-17,0,,,,T,F
Burnsed 2018,2015-03-17,2015-03-18,0,,,,T,F
Burnsed 2018,2015-03-18,2015-03-19,0,,,,T,F
Burnsed 2018,2015-03-19,2015-03-20,0,,,,T,F
Burnsed 2018,2015-03-20,2015-03-21,0,,,,T,F
Burnsed 2018,2015-03-21,2015-03-22,0,,,,T,F
Burnsed 2018,2015-03-22,2015-03-23,0,,,,T,F
Burnsed 2018,2015-03-23,2015-03-24,0,,,,T,F
Burnsed 2018,2015-03-24,2015-03-25,0,,,,T,F
Burnsed 2018,2015-03-25,2015-03-26,0,,,,T,F
Burnsed 2018,2015-03-26,2015-03-27,0,,,,T,F
Burnsed 2018,2015-03-27,2015-03-28,0,,,,T,F
Burnsed 2018,2015-03-28,2015-03-29,0,,,,T,F
Burnsed 2018,2015-03-29,2015-03-30,0,,,,T,F
Burnsed 2018,2015-03-30,2015-03-31,1,,1,,T,F
Qamar 2018,2016-11-21,2016-11-29,0,,0,,F,F
Qamar 2018,2016-11-30,2016-12-06,1,,1,,F,F
Qamar 2018,2016-12-07,2016-12-14,4,,4,,F,F
Qamar 2018,2016-12-15,2016-12-21,7,,7,,F,F
Qamar 2018,2016-12-22,2016-12-31,12,,12,,F,F
Qamar 2018,2017-01-01,2017-01-07,6,,6,,F,F
Qamar 2018,2017-01-08,2017-01-14,9,,9,,F,F
Qamar 2018,2017-01-15,2017-01-21,2,,2,,F,F
Qamar 2018,2017-01-22,2017-01-31,7,,7,,F,F
Qamar 2018,2017-02-01,2017-02-07,12,,12,,F,F
Qamar 2018,2017-02-08,2017-02-14,5,,5,,F,F
Qamar 2018,2017-02-15,2017-02-21,17,,17,,F,F
Qamar 2018,2017-02-22,2017-02-28,8,,8,,F,F
Qamar 2018,2017-03-01,2017-03-07,12,,12,,F,F
Qamar 2018,2017-03-08,2017-03-14,10,,10,,F,F
Qamar 2018,2017-03-15,2017-03-21,7,,7,,F,F
Qamar 2018,2017-03-22,2017-03-31,3,,3,,F,F
Qamar 2018,2017-04-01,2017-04-07,11,,11,,F,F
Qamar 2018,2017-04-08,2017-04-14,5,,5,,F,F
Qamar 2018,2017-04-15,2017-04-21,7,,7,,F,F
Qamar 2018,2017-04-22,2017-04-30,23,,23,,F,F
Qamar 2018,2017-05-01,2017-05-05,12,,12,,F,F
Qamar 2018,2017-05-08,2017-05-14,11,,11,,F,F
Qamar 2018,2017-05-15,2017-05-21,19,,19,,F,F
Qamar 2018,2017-05-22,2017-05-31,27,,27,,F,F
Qamar 2018,2017-06-01,2017-06-07,18,,18,,F,F
Qamar 2018,2017-06-08,2017-06-14,11,,11,,F,F
Qamar 2018,2017-06-15,2017-06-21,8,,8,,F,F
Qamar 2018,2017-06-22,2017-06-30,12,,12,,F,F
Qamar 2018,2017-07-01,2017-07-07,25,,25,,F,F
Qamar 2018,2017-07-08,2017-07-14,9,,9,,F,F
Qamar 2018,2017-07-15,2017-07-21,13,,13,,F,F
Qamar 2018,2017-07-22,2017-07-30,12,,12,,F,F
Qamar 2018,2017-07-31,2017-08-07,19,,19,,F,F
Qamar 2018,2017-08-08,2017-08-14,15,,15,,F,F
Qamar 2018,2017-08-15,2017-08-21,9,,9,,F,F
Qamar 2018,2017-08-22,2017-08-31,13,,13,,F,F
Qamar 2018,2017-09-01,2017-09-07,9,,9,,F,F
Qamar 2018,2017-09-08,2017-09-14,11,,11,,F,F
Qamar 2018,2017-09-15,2017-09-21,4,,4,,F,F
Qamar 2018,2017-09-22,2017-09-30,5,,5,,F,F
Qamar 2018,2017-10-01,2017-10-07,8,,8,,F,F
Qamar 2018,2017-10-08,2017-10-14,5,,5,,F,F
Qamar 2018,2017-10-15,2017-10-21,2,,2,,F,F
Qamar 2018,2017-10-22,2017-10-31,6,,6,,F,F
Qamar 2018,2017-11-01,2017-11-07,9,,9,,F,F
Qamar 2018,2017-11-08,2017-11-14,3,,3,,F,F
Qamar 2018,2017-11-15,2017-11-21,4,,4,,F,F
Qamar 2018,2017-11-22,2017-11-30,3,,3,,F,F
Qamar 2018,2017-12-01,2017-12-07,4,,4,,F,F
Qamar 2018,2017-12-08,2017-12-14,6,,6,,F,F
Qamar 2018,2017-12-15,2017-12-21,3,,3,,F,F
Qamar 2018,2017-12-22,2017-12-31,3,,3,,F,F
Davis 2018,2016-10-06,2016-10-06,1,1,,,T,F
Davis 2018,2016-10-07,2016-10-07,0,0,,,T,F
Davis 2018,2016-10-08,2016-10-08,0,0,,,T,F
Davis 2018,2016-10-09,2016-10-09,0,0,,,T,F
Davis 2018,2016-10-10,2016-10-10,0,0,,,T,F
Davis 2018,2016-10-11,2016-10-11,0,0,,,T,F
Davis 2018,2016-10-12,2016-10-12,1,1,,,T,F
Davis 2018,2016-10-13,2016-10-13,0,0,,,T,F
Davis 2018,2016-10-14,2016-10-14,1,1,,,T,F
Davis 2018,2016-10-15,2016-10-15,0,0,,,T,F
Davis 2018,2016-10-16,2016-10-16,3,3,,,T,F
Davis 2018,2016-10-17,2016-10-17,3,3,,,T,F
Davis 2018,2016-10-18,2016-10-18,2,2,,,T,F
Davis 2018,2016-10-19,2016-10-19,2,2,,,T,F
Davis 2018,2016-10-20,2016-10-20,3,3,,,T,F
Davis 2018,2016-10-21,2016-10-21,10,10,,,T,F
Davis 2018,2016-10-22,2016-10-22,3,3,,,T,F
Davis 2018,2016-10-23,2016-10-23,4,4,,,T,F
Davis 2018,2016-10-24,2016-10-24,1,1,,,T,F
Davis 2018,2016-10-25,2016-10-25,3,3,,,T,F
Davis 2018,2016-10-26,2016-10-26,4,4,,,T,F
Davis 2018,2016-10-27,2016-10-27,4,4,,,T,F
Davis 2018,2016-10-28,2016-10-28,7,7,,,T,F
Davis 2018,2016-10-29,2016-10-29,4,4,,,T,F
Davis 2018,2016-10-30,2016-10-30,4,4,,,T,F
Davis 2018,2016-10-31,2016-10-31,3,3,,,T,F
Davis 2018,2016-11-01,2016-11-01,8,8,,,T,F
Davis 2018,2016-11-02,2016-11-02,2,2,,,T,F
Davis 2018,2016-11-03,2016-11-03,2,2,,,T,F
Davis 2018,2016-11-04,2016-11-04,0,0,,,T,F
Davis 2018,2016-11-05,2016-11-05,1,1,,,T,F
Davis 2018,2016-11-06,2016-11-06,8,8,,,T,F
Davis 2018,2016-11-07,2016-11-07,8,8,,,T,F
Davis 2018,2016-11-08,2016-11-08,2,2,,,T,F
Davis 2018,2016-11-09,2016-11-09,4,4,,,T,F
Davis 2018,2016-11-10,2016-11-10,1,1,,,T,F
Davis 2018,2016-11-11,2016-11-11,6,6,,,T,F
Davis 2018,2016-11-12,2016-11-12,0,0,,,T,F
Davis 2018,2016-11-13,2016-11-13,0,0,,,T,F
Davis 2018,2016-11-14,2016-11-14,2,2,,,T,F
Davis 2018,2016-11-15,2016-11-15,2,2,,,T,F
Davis 2018,2016-11-16,2016-11-16,4,4,,,T,F
Davis 2018,2016-11-17,2016-11-17,2,2,,,T,F
Davis 2018,2016-11-18,2016-11-18,2,2,,,T,F
Davis 2018,2016-11-19,2016-11-19,2,2,,,T,F
Davis 2018,2016-11-20,2016-11-20,0,0,,,T,F
Davis 2018,2016-11-21,2016-11-21,1,1,,,T,F
Davis 2018,2016-11-22,2016-11-22,4,4,,,T,F
Davis 2018,2016-11-23,2016-11-23,4,4,,,T,F
Davis 2018,2016-11-24,2016-11-24,1,1,,,T,F
Davis 2018,2016-11-25,2016-11-25,0,0,,,T,F
Davis 2018,2016-11-26,2016-11-26,0,0,,,T,F
Davis 2018,2016-11-27,2016-11-27,0,0,,,T,F
Davis 2018,2016-11-28,2016-11-28,2,2,,,T,F
Davis 2018,2016-11-29,2016-11-29,1,1,,,T,F
Davis 2018,2016-11-30,2016-11-30,0,0,,,T,F
Davis 2018,2016-12-01,2016-12-01,3,3,,,T,F
Davis 2018,2016-12-02,2016-12-02,6,6,,,T,F
Davis 2018,2016-12-03,2016-12-03,3,3,,,T,F
Davis 2018,2016-12-04,2016-12-04,1,1,,,T,F
Davis 2018,2016-12-05,2016-12-05,0,0,,,T,F
Davis 2018,2016-12-06,2016-12-06,0,0,,,T,F
Davis 2018,2016-12-07,2016-12-07,0,0,,,T,F
Davis 2018,2016-12-08,2016-12-08,2,2,,,T,F
Davis 2018,2016-12-09,2016-12-09,4,4,,,T,F
Davis 2018,2016-12-10,2016-12-10,4,4,,,T,F
Davis 2018,2016-12-11,2016-12-11,1,1,,,T,F
Davis 2018,2016-12-12,2016-12-12,4,4,,,T,F
Davis 2018,2016-12-13,2016-12-13,4,4,,,T,F
Davis 2018,2016-12-14,2016-12-14,2,2,,,T,F
Davis 2018,2016-12-15,2016-12-15,1,1,,,T,F
Davis 2018,2016-12-16,2016-12-16,2,2,,,T,F
Davis 2018,2016-12-17,2016-12-17,1,1,,,T,F
Davis 2018,2016-12-18,2016-12-18,4,4,,,T,F
Davis 2018,2016-12-19,2016-12-19,4,4,,,T,F
Davis 2018,2016-12-20,2016-12-20,8,8,,,T,F
Davis 2018,2016-12-21,2016-12-21,3,3,,,T,F
Davis 2018,2016-12-22,2016-12-22,3,3,,,T,F
Davis 2018,2016-12-23,2016-12-23,4,4,,,T,F
Davis 2018,2016-12-24,2016-12-24,8,8,,,T,F
Davis 2018,2016-12-25,2016-12-25,2,2,,,T,F
Davis 2018,2016-12-26,2016-12-26,6,6,,,T,F
Davis 2018,2016-12-27,2016-12-27,8,8,,,T,F
Davis 2018,2016-12-28,2016-12-28,5,5,,,T,F
Davis 2018,2016-12-29,2016-12-29,10,10,,,T,F
Davis 2018,2016-12-30,2016-12-30,0,0,,,T,F
Davis 2018,2016-12-31,2016-12-31,6,6,,,T,F
Davis 2018,2017-01-01,2017-01-01,70,70,,,T,F
Davis 2018,2017-01-02,2017-01-02,9,9,,,T,F
Davis 2018,2017-01-03,2017-01-03,24,24,,,T,F
Davis 2018,2017-01-04,2017-01-04,15,15,,,T,F
Davis 2018,2017-01-05,2017-01-05,14,14,,,T,F
Davis 2018,2017-01-06,2017-01-06,6,6,,,T,F
Davis 2018,2017-01-07,2017-01-07,7,7,,,T,F
Davis 2018,2017-01-08,2017-01-08,15,15,,,T,F
Davis 2018,2017-01-09,2017-01-09,7,7,,,T,F
Davis 2018,2017-01-10,2017-01-10,18,18,,,T,F
Davis 2018,2017-01-11,2017-01-11,9,9,,,T,F
Davis 2018,2017-01-12,2017-01-12,8,8,,,T,F
Davis 2018,2017-01-13,2017-01-13,16,16,,,T,F
Davis 2018,2017-01-14,2017-01-14,18,18,,,T,F
Davis 2018,2017-01-15,2017-01-15,20,20,,,T,F
Davis 2018,2017-01-16,2017-01-16,9,9,,,T,F
Davis 2018,2017-01-17,2017-01-17,13,13,,,T,F
Davis 2018,2017-01-18,2017-01-18,3,3,,,T,F
Davis 2018,2017-01-19,2017-01-19,13,13,,,T,F
Davis 2018,2017-01-20,2017-01-20,15,15,,,T,F
Davis 2018,2017-01-21,2017-01-21,18,18,,,T,F
Davis 2018,2017-01-22,2017-01-22,6,6,,,T,F
Davis 2018,2017-01-23,2017-01-23,8,8,,,T,F
Davis 2018,2017-01-24,2017-01-24,12,12,,,T,F
Davis 2018,2017-01-25,2017-01-25,7,7,,,T,F
Davis 2018,2017-01-26,2017-01-26,3,3,,,T,F
Davis 2018,2017-01-27,2017-01-27,13,13,,,T,F
Davis 2018,2017-01-28,2017-01-28,6,6,,,T,F
Davis 2018,2017-01-29,2017-01-29,11,11,,,T,F
Davis 2018,2017-01-30,2017-01-30,11,11,,,T,F
Davis 2018,2017-01-31,2017-01-31,6,6,,,T,F
Davis 2018,2017-02-01,2017-02-01,10,10,,,T,F
Davis 2018,2017-02-02,2017-02-02,10,10,,,T,F
Davis 2018,2017-02-03,2017-02-03,9,9,,,T,F
Davis 2018,2017-02-04,2017-02-04,14,14,,,T,F
Davis 2018,2017-02-05,2017-02-05,10,10,,,T,F
Davis 2018,2017-02-06,2017-02-06,11,11,,,T,F
Davis 2018,2017-02-07,2017-02-07,14,14,,,T,F
Davis 2018,2017-02-08,2017-02-08,8,8,,,T,F
Davis 2018,2017-02-09,2017-02-09,3,3,,,T,F
Davis 2018,2017-02-10,2017-02-10,8,8,,,T,F
Davis 2018,2017-02-11,2017-02-11,8,8,,,T,F
Davis 2018,2017-02-12,2017-02-12,3,3,,,T,F
Davis 2018,2017-02-13,2017-02-13,8,8,,,T,F
Davis 2018,2017-02-14,2017-02-14,10,10,,,T,F
Davis 2018,2017-02-15,2017-02-15,6,6,,,T,F
Davis 2018,2017-02-16,2017-02-16,3,3,,,T,F
Davis 2018,2017-02-17,2017-02-17,5,5,,,T,F
Davis 2018,2017-02-18,2017-02-18,10,10,,,T,F
Davis 2018,2017-02-19,2017-02-19,8,8,,,T,F
Davis 2018,2017-02-20,2017-02-20,4,4,,,T,F
Davis 2018,2017-02-21,2017-02-21,4,4,,,T,F
Davis 2018,2017-02-22,2017-02-22,8,8,,,T,F
Davis 2018,2017-02-23,2017-02-23,7,7,,,T,F
Davis 2018,2017-02-24,2017-02-24,8,8,,,T,F
Davis 2018,2017-02-25,2017-02-25,4,4,,,T,F
Davis 2018,2017-02-26,2017-02-26,3,3,,,T,F
Davis 2018,2017-02-27,2017-02-27,4,4,,,T,F
Davis 2018,2017-02-28,2017-02-28,10,10,,,T,F
Davis 2018,2017-03-01,2017-03-01,3,3,,,T,F
Davis 2018,2017-03-02,2017-03-02,4,4,,,T,F
Davis 2018,2017-03-03,2017-03-03,2,2,,,T,F
Davis 2018,2017-03-04,2017-03-04,4,4,,,T,F
Davis 2018,2017-03-05,2017-03-05,2,2,,,T,F
Davis 2018,2017-03-06,2017-03-06,2,2,,,T,F
Davis 2018,2017-03-07,2017-03-07,1,1,,,T,F
Davis 2018,2017-03-08,2017-03-08,0,0,,,T,F
N'Cho 2019,2017-10-01,2017-10-01,1,1,,,T,F
N'Cho 2019,2017-10-02,2017-10-02,0,0,,,T,F
N'Cho 2019,2017-10-03,2017-10-03,3,3,,,T,F
N'Cho 2019,2017-10-04,2017-10-04,0,0,,,T,F
N'Cho 2019,2017-10-05,2017-10-05,0,0,,,T,F
N'Cho 2019,2017-10-06,2017-10-06,0,0,,,T,F
N'Cho 2019,2017-10-07,2017-10-07,1,1,,,T,F
N'Cho 2019,2017-10-08,2017-10-08,0,0,,,T,F
N'Cho 2019,2017-10-09,2017-10-09,0,0,,,T,F
N'Cho 2019,2017-10-10,2017-10-10,12,12,,,T,F
N'Cho 2019,2017-10-11,2017-10-11,4,4,,,T,F
N'Cho 2019,2017-10-12,2017-10-12,16,16,,,T,F
N'Cho 2019,2017-10-13,2017-10-13,9,9,,,T,F
N'Cho 2019,2017-10-14,2017-10-14,18,18,,,T,F
N'Cho 2019,2017-10-15,2017-10-15,14,14,,,T,F
N'Cho 2019,2017-10-16,2017-10-16,19,19,,,T,F
N'Cho 2019,2017-10-17,2017-10-17,31,31,,,T,F
N'Cho 2019,2017-10-18,2017-10-18,21,21,,,T,F
N'Cho 2019,2017-10-19,2017-10-19,26,26,,,T,F
N'Cho 2019,2017-10-20,2017-10-20,43,43,,,T,F
N'Cho 2019,2017-10-21,2017-10-21,15,15,,,T,F
N'Cho 2019,2017-10-22,2017-10-22,23,23,,,T,F
N'Cho 2019,2017-10-23,2017-10-23,30,30,,,T,F
N'Cho 2019,2017-10-24,2017-10-24,37,37,,,T,F
N'Cho 2019,2017-10-25,2017-10-25,28,28,,,T,F
N'Cho 2019,2017-10-26,2017-10-26,36,36,,,T,F
N'Cho 2019,2017-10-27,2017-10-27,43,43,,,T,F
N'Cho 2019,2017-10-28,2017-10-28,31,31,,,T,F
N'Cho 2019,2017-10-29,2017-10-29,32,32,,,T,F
N'Cho 2019,2017-10-30,2017-10-30,51,51,,,T,F
N'Cho 2019,2017-10-31,2017-10-31,34,34,,,T,F
N'Cho 2019,2017-11-01,2017-11-01,41,41,,,T,F
N'Cho 2019,2017-11-02,2017-11-02,45,45,,,T,F
N'Cho 2019,2017-11-03,2017-11-03,32,32,,,T,F
N'Cho 2019,2017-11-04,2017-11-04,23,23,,,T,F
N'Cho 2019,2017-11-05,2017-11-05,40,40,,,T,F
N'Cho 2019,2017-11-06,2017-11-06,43,43,,,T,F
N'Cho 2019,2017-11-07,2017-11-07,41,41,,,T,F
N'Cho 2019,2017-11-08,2017-11-08,30,30,,,T,F
N'Cho 2019,2017-11-09,2017-11-09,24,24,,,T,F
N'Cho 2019,2017-11-10,2017-11-10,51,51,,,T,F
N'Cho 2019,2017-11-11,2017-11-11,32,32,,,T,F
N'Cho 2019,2017-11-12,2017-11-12,35,35,,,T,F
N'Cho 2019,2017-11-13,2017-11-13,45,45,,,T,F
N'Cho 2019,2017-11-14,2017-11-14,31,31,,,T,F
N'Cho 2019,2017-11-15,2017-11-15,29,29,,,T,F
N'Cho 2019,2017-11-16,2017-11-16,20,20,,,T,F
N'Cho 2019,2017-11-17,2017-11-17,20,20,,,T,F
N'Cho 2019,2017-11-18,2017-11-18,14,14,,,T,F
N'Cho 2019,2017-11-19,2017-11-19,49,49,,,T,F
N'Cho 2019,2017-11-20,2017-11-20,45,45,,,T,F
N'Cho 2019,2017-11-21,2017-11-21,30,30,,,T,F
N'Cho 2019,2017-11-22,2017-11-22,27,27,,,T,F
N'Cho 2019,2017-11-23,2017-11-23,28,28,,,T,F
N'Cho 2019,2017-11-24,2017-11-24,26,26,,,T,F
N'Cho 2019,2017-11-25,2017-11-25,17,17,,,T,F
N'Cho 2019,2017-11-26,2017-11-26,19,19,,,T,F
N'Cho 2019,2017-11-27,2017-11-27,29,29,,,T,F
N'Cho 2019,2017-11-28,2017-11-28,21,21,,,T,F
N'Cho 2019,2017-11-29,2017-11-29,26,26,,,T,F
N'Cho 2019,2017-11-30,2017-11-30,28,28,,,T,F
N'Cho 2019,2017-12-01,2017-12-01,31,31,,,T,F
N'Cho 2019,2017-12-02,2017-12-02,19,19,,,T,F
N'Cho 2019,2017-12-03,2017-12-03,16,16,,,T,F
N'Cho 2019,2017-12-04,2017-12-04,27,27,,,T,F
N'Cho 2019,2017-12-05,2017-12-05,26,26,,,T,F
N'Cho 2019,2017-12-06,2017-12-06,12,12,,,T,F
N'Cho 2019,2017-12-07,2017-12-07,11,11,,,T,F
N'Cho 2019,2017-12-08,2017-12-08,16,16,,,T,F
N'Cho 2019,2017-12-09,2017-12-09,10,10,,,T,F
N'Cho 2019,2017-12-10,2017-12-10,20,20,,,T,F
N'Cho 2019,2017-12-11,2017-12-11,22,22,,,T,F
N'Cho 2019,2017-12-12,2017-12-12,29,29,,,T,F
N'Cho 2019,2017-12-13,2017-12-13,23,23,,,T,F
N'Cho 2019,2017-12-14,2017-12-14,13,13,,,T,F
N'Cho 2019,2017-12-15,2017-12-15,37,37,,,T,F
N'Cho 2019,2017-12-16,2017-12-16,15,15,,,T,F
N'Cho 2019,2017-12-17,2017-12-17,18,18,,,T,F
N'Cho 2019,2017-12-18,2017-12-18,18,18,,,T,F
N'Cho 2019,2017-12-19,2017-12-19,35,35,,,T,F
N'Cho 2019,2017-12-20,2017-12-20,23,23,,,T,F
N'Cho 2019,2017-12-21,2017-12-21,12,12,,,T,F
N'Cho 2019,2017-12-22,2017-12-22,16,16,,,T,F
N'Cho 2019,2017-12-23,2017-12-23,19,19,,,T,F
N'Cho 2019,2017-12-24,2017-12-24,17,17,,,T,F
N'Cho 2019,2017-12-25,2017-12-25,19,19,,,T,F
N'Cho 2019,2017-12-26,2017-12-26,13,13,,,T,F
N'Cho 2019,2017-12-27,2017-12-27,13,13,,,T,F
N'Cho 2019,2017-12-28,2017-12-28,9,9,,,T,F
N'Cho 2019,2017-12-29,2017-12-29,13,13,,,T,F
N'Cho 2019,2017-12-30,2017-12-30,8,8,,,T,F
N'Cho 2019,2017-12-31,2017-12-31,14,14,,,T,F
N'Cho 2019,2018-01-01,2018-01-01,18,18,,,T,F
N'Cho 2019,2018-01-02,2018-01-02,20,20,,,T,F
N'Cho 2019,2018-01-03,2018-01-03,17,17,,,T,F
N'Cho 2019,2018-01-04,2018-01-04,17,17,,,T,F
N'Cho 2019,2018-01-05,2018-01-05,22,22,,,T,F
N'Cho 2019,2018-01-06,2018-01-06,16,16,,,T,F
N'Cho 2019,2018-01-07,2018-01-07,8,8,,,T,F
N'Cho 2019,2018-01-08,2018-01-08,14,14,,,T,F
N'Cho 2019,2018-01-09,2018-01-09,17,17,,,T,F
N'Cho 2019,2018-01-10,2018-01-10,24,24,,,T,F
N'Cho 2019,2018-01-11,2018-01-11,19,19,,,T,F
N'Cho 2019,2018-01-12,2018-01-12,22,22,,,T,F
N'Cho 2019,2018-01-13,2018-01-13,24,24,,,T,F
N'Cho 2019,2018-01-14,2018-01-14,19,19,,,T,F
N'Cho 2019,2018-01-15,2018-01-15,26,26,,,T,F
N'Cho 2019,2018-01-16,2018-01-16,25,25,,,T,F
N'Cho 2019,2018-01-17,2018-01-17,26,26,,,T,F
N'Cho 2019,2018-01-18,2018-01-18,26,26,,,T,F
N'Cho 2019,2018-01-19,2018-01-19,20,20,,,T,F
N'Cho 2019,2018-01-20,2018-01-20,26,26,,,T,F
N'Cho 2019,2018-01-21,2018-01-21,30,30,,,T,F
N'Cho 2019,2018-01-22,2018-01-22,18,18,,,T,F
N'Cho 2019,2018-01-23,2018-01-23,23,23,,,T,F
N'Cho 2019,2018-01-24,2018-01-24,29,29,,,T,F
N'Cho 2019,2018-01-25,2018-01-25,19,19,,,T,F
N'Cho 2019,2018-01-26,2018-01-26,26,26,,,T,F
N'Cho 2019,2018-01-27,2018-01-27,23,23,,,T,F
N'Cho 2019,2018-01-28,2018-01-28,16,16,,,T,F
N'Cho 2019,2018-01-29,2018-01-29,12,12,,,T,F
N'Cho 2019,2018-01-30,2018-01-30,6,6,,,T,F
N'Cho 2019,2018-01-31,2018-01-31,9,9,,,T,F
N'Cho 2019,2018-02-01,2018-02-01,16,16,,,T,F
N'Cho 2019,2018-02-02,2018-02-02,13,13,,,T,F
N'Cho 2019,2018-02-03,2018-02-03,5,5,,,T,F
Holt 2011,2004-01-01,2004-01-31,4,,4,,F,F
Holt 2011,2004-02-01,2004-02-29,13,,13,,F,F
Holt 2011,2004-03-01,2004-03-31,37,,37,,F,F
Holt 2011,2004-04-01,2004-04-30,24,,24,,F,F
Holt 2011,2004-05-01,2004-05-31,31,,31,,F,F
Holt 2011,2004-06-01,2004-06-30,21,,21,,F,F
Holt 2011,2004-07-01,2004-07-31,18,,18,,F,F
Holt 2011,2004-08-01,2004-08-31,13,,13,,F,F
Holt 2011,2004-09-01,2004-09-30,12,,12,,F,F
Holt 2011,2004-10-01,2004-10-31,6,,6,,F,F
Holt 2011,2004-11-01,2004-11-30,3,,3,,F,F
Holt 2011,2004-12-01,2004-12-31,6,,6,,F,F
Holt 2011,2005-01-01,2005-01-31,12,,12,,F,F
Holt 2011,2005-02-01,2005-02-28,6,,6,,F,F
Holt 2011,2005-03-01,2005-03-31,7,,7,,F,F
Holt 2011,2005-04-01,2005-04-30,10,,10,,F,F
Holt 2011,2005-05-01,2005-05-31,27,,27,,F,F
Holt 2011,2005-06-01,2005-06-30,24,,24,,F,F
Holt 2011,2005-07-01,2005-07-31,9,,9,,F,F
Holt 2011,2005-08-01,2005-08-31,4,,4,,F,F
Holt 2011,2005-09-01,2005-09-30,0,,0,,F,F
Holt 2011,2005-10-01,2005-10-31,0,,0,,F,F
Holt 2011,2005-11-01,2005-11-30,0,,0,,F,F
Holt 2011,2005-12-01,2005-12-31,1,,1,,F,F
Muti 2014,2011-10-01,2011-10-01,0,0,,,F,F
Muti 2014,2011-10-02,2011-10-02,0,0,,,F,F
Muti 2014,2011-10-03,2011-10-03,0,0,,,F,F
Muti 2014,2011-10-04,2011-10-04,0,0,,,F,F
Muti 2014,2011-10-05,2011-10-05,0,0,,,F,F
Muti 2014,2011-10-06,2011-10-06,0,0,,,F,F
Muti 2014,2011-10-07,2011-10-07,0,0,,,F,F
Muti 2014,2011-10-08,2011-10-08,0,0,,,F,F
Muti 2014,2011-10-09,2011-10-09,0,0,,,F,F
Muti 2014,2011-10-10,2011-10-10,0,0,,,F,F
Muti 2014,2011-10-11,2011-10-11,1,1,,,F,F
Muti 2014,2011-10-12,2011-10-12,1,1,,,F,F
Muti 2014,2011-10-13,2011-10-13,1,1,,,F,F
Muti 2014,2011-10-14,2011-10-14,0,0,,,F,F
Muti 2014,2011-10-15,2011-10-15,3,3,,,F,F
Muti 2014,2011-10-16,2011-10-16,3,3,,,F,F
Muti 2014,2011-10-17,2011-10-17,0,0,,,F,F
Muti 2014,2011-10-18,2011-10-18,0,0,,,F,F
Muti 2014,2011-10-19,2011-10-19,1,1,,,F,F
Muti 2014,2011-10-20,2011-10-20,0,0,,,F,F
Muti 2014,2011-10-21,2011-10-21,2,2,,,F,F
Muti 2014,2011-10-22,2011-10-22,3,3,,,F,F
Muti 2014,2011-10-23,2011-10-23,4,4,,,F,F
Muti 2014,2011-10-24,2011-10-24,1,1,,,F,F
Muti 2014,2011-10-25,2011-10-25,1,1,,,F,F
Muti 2014,2011-10-26,2011-10-26,3,3,,,F,F
Muti 2014,2011-10-27,2011-10-27,3,3,,,F,F
Muti 2014,2011-10-28,2011-10-28,5,5,,,F,F
Muti 2014,2011-10-29,2011-10-29,3,3,,,F,F
Muti 2014,2011-10-30,2011-10-30,4,4,,,F,F
Muti 2014,2011-10-31,2011-10-31,5,5,,,F,F
Muti 2014,2011-11-01,2011-11-01,11,11,,,F,F
Muti 2014,2011-11-02,2011-11-02,4,4,,,F,F
Muti 2014,2011-11-03,2011-11-03,6,6,,,F,F
Muti 2014,2011-11-04,2011-11-04,19,19,,,F,F
Muti 2014,2011-11-05,2011-11-05,16,16,,,F,F
Muti 2014,2011-11-06,2011-11-06,17,17,,,F,F
Muti 2014,2011-11-07,2011-11-07,13,13,,,F,F
Muti 2014,2011-11-08,2011-11-08,12,12,,,F,F
Muti 2014,2011-11-09,2011-11-09,6,6,,,F,F
Muti 2014,2011-11-10,2011-11-10,11,11,,,F,F
Muti 2014,2011-11-11,2011-11-11,17,17,,,F,F
Muti 2014,2011-11-12,2011-11-12,13,13,,,F,F
Muti 2014,2011-11-13,2011-11-13,22,22,,,F,F
Muti 2014,2011-11-14,2011-11-14,20,20,,,F,F
Muti 2014,2011-11-15,2011-11-15,7,7,,,F,F
Muti 2014,2011-11-16,2011-11-16,19,19,,,F,F
Muti 2014,2011-11-17,2011-11-17,13,13,,,F,F
Muti 2014,2011-11-18,2011-11-18,24,24,,,F,F
Muti 2014,2011-11-19,2011-11-19,34,34,,,F,F
Muti 2014,2011-11-20,2011-11-20,27,27,,,F,F
Muti 2014,2011-11-21,2011-11-21,17,17,,,F,F
Muti 2014,2011-11-22,2011-11-22,18,18,,,F,F
Muti 2014,2011-11-23,2011-11-23,27,27,,,F,F
Muti 2014,2011-11-24,2011-11-24,21,21,,,F,F
Muti 2014,2011-11-25,2011-11-25,19,19,,,F,F
Muti 2014,2011-11-26,2011-11-26,13,13,,,F,F
Muti 2014,2011-11-27,2011-11-27,24,24,,,F,F
Muti 2014,2011-11-28,2011-11-28,27,27,,,F,F
Muti 2014,2011-11-29,2011-11-29,41,41,,,F,F
Muti 2014,2011-11-30,2011-11-30,31,31,,,F,F
Muti 2014,2011-12-01,2011-12-01,30,30,,,F,F
Muti 2014,2011-12-02,2011-12-02,37,37,,,F,F
Muti 2014,2011-12-03,2011-12-03,30,30,,,F,F
Muti 2014,2011-12-04,2011-12-04,24,24,,,F,F
Muti 2014,2011-12-05,2011-12-05,15,15,,,F,F
Muti 2014,2011-12-06,2011-12-06,31,31,,,F,F
Muti 2014,2011-12-07,2011-12-07,26,26,,,F,F
Muti 2014,2011-12-08,2011-12-08,13,13,,,F,F
Muti 2014,2011-12-09,2011-12-09,7,7,,,F,F
Muti 2014,2011-12-10,2011-12-10,14,14,,,F,F
Muti 2014,2011-12-11,2011-12-11,20,20,,,F,F
Muti 2014,2011-12-12,2011-12-12,12,12,,,F,F
Muti 2014,2011-12-13,2011-12-13,10,10,,,F,F
Muti 2014,2011-12-14,2011-12-14,21,21,,,F,F
Muti 2014,2011-12-15,2011-12-15,13,13,,,F,F
Muti 2014,2011-12-16,2011-12-16,11,11,,,F,F
Muti 2014,2011-12-17,2011-12-17,9,9,,,F,F
Muti 2014,2011-12-18,2011-12-18,8,8,,,F,F
Muti 2014,2011-12-19,2011-12-19,11,11,,,F,F
Muti 2014,2011-12-20,2011-12-20,16,16,,,F,F
Muti 2014,2011-12-21,2011-12-21,16,16,,,F,F
Muti 2014,2011-12-22,2011-12-22,7,7,,,F,F
Muti 2014,2011-12-23,2011-12-23,17,17,,,F,F
Muti 2014,2011-12-24,2011-12-24,10,10,,,F,F
Muti 2014,2011-12-25,2011-12-25,5,5,,,F,F
Muti 2014,2011-12-26,2011-12-26,5,5,,,F,F
Muti 2014,2011-12-27,2011-12-27,7,7,,,F,F
Muti 2014,2011-12-28,2011-12-28,11,11,,,F,F
Muti 2014,2011-12-29,2011-12-29,11,11,,,F,F
Muti 2014,2011-12-30,2011-12-30,8,8,,,F,F
Muti 2014,2011-12-31,2011-12-31,4,4,,,F,F
Muti 2014,2012-01-01,2012-01-01,9,9,,,F,F
Muti 2014,2012-01-02,2012-01-02,4,4,,,F,F
Muti 2014,2012-01-03,2012-01-03,1,1,,,F,F
Muti 2014,2012-01-04,2012-01-04,3,3,,,F,F
Muti 2014,2012-01-05,2012-01-05,1,1,,,F,F
Muti 2014,2012-01-06,2012-01-06,0,0,,,F,F
"Imanishi 2014, Dzivaresekwa",2011-10-01,2011-10-31,40,40,,,T,F
"Imanishi 2014, Dzivaresekwa",2011-11-01,2011-11-30,273,273,,,T,F
"Imanishi 2014, Dzivaresekwa",2011-12-01,2011-12-31,256,256,,,T,F
"Imanishi 2014, Dzivaresekwa",2012-01-01,2012-01-31,132,132,,,T,F
"Imanishi 2014, Dzivaresekwa",2012-02-01,2012-02-29,137,137,,,T,F
"Imanishi 2014, Dzivaresekwa",2012-03-01,2012-03-31,115,115,,,T,F
"Imanishi 2014, Dzivaresekwa",2012-04-01,2012-04-30,66,66,,,T,F
"Imanishi 2014, Kuwadzana",2011-11-01,2011-11-30,36,36,,,T,F
"Imanishi 2014, Kuwadzana",2011-12-01,2011-12-31,57,57,,,T,F
"Imanishi 2014, Kuwadzana",2012-01-01,2012-01-31,979,979,,,T,F
"Imanishi 2014, Kuwadzana",2012-02-01,2012-02-29,537,537,,,T,F
"Imanishi 2014, Kuwadzana",2012-03-01,2012-03-31,233,233,,,T,F
"Imanishi 2014, Kuwadzana",2012-04-01,2012-04-30,97,97,,,T,F
Michel 2005,2001-08-23,2001-08-23,2,2,0,,T,F
Michel 2005,2001-08-24,2001-08-24,0,0,0,,T,F
Michel 2005,2001-08-25,2001-08-25,0,0,0,,T,F
Michel 2005,2001-08-26,2001-08-26,0,0,0,,T,F
Michel 2005,2001-08-27,2001-08-27,1,0,1,,T,F
Michel 2005,2001-08-28,2001-08-28,1,0,1,,T,F
Michel 2005,2001-08-29,2001-08-29,0,0,0,,T,F
Michel 2005,2001-08-30,2001-08-30,2,0,2,,T,F
Michel 2005,2001-08-31,2001-08-31,0,0,0,,T,F
Michel 2005,2001-09-01,2001-09-01,2,0,2,,T,F
Michel 2005,2001-09-02,2001-09-02,0,0,0,,T,F
Michel 2005,2001-09-03,2001-09-03,1,1,0,,T,F
Michel 2005,2001-09-04,2001-09-04,1,0,1,,T,F
Michel 2005,2001-09-05,2001-09-05,1,0,1,,T,F
Michel 2005,2001-09-06,2001-09-06,2,0,2,,T,F
Michel 2005,2001-09-07,2001-09-07,3,2,1,,T,F
Michel 2005,2001-09-08,2001-09-08,3,2,1,,T,F
Michel 2005,2001-09-09,2001-09-09,0,0,0,,T,F
Michel 2005,2001-09-10,2001-09-10,2,2,0,,T,F
Michel 2005,2001-09-11,2001-09-11,0,0,0,,T,F
Michel 2005,2001-09-12,2001-09-12,2,0,2,,T,F
Michel 2005,2001-09-13,2001-09-13,0,0,0,,T,F
Michel 2005,2001-09-14,2001-09-14,0,0,0,,T,F
Michel 2005,2001-09-15,2001-09-15,0,0,0,,T,F
Michel 2005,2001-09-16,2001-09-16,0,0,0,,T,F
Michel 2005,2001-09-17,2001-09-17,1,1,0,,T,F
Keddy 2011,2005-08-31,2005-08-31,1,1,,,F,F
Keddy 2011,2005-09-01,2005-09-01,1,1,,,F,F
Keddy 2011,2005-09-02,2005-09-02,5,5,,,F,F
Keddy 2011,2005-09-03,2005-09-03,6,6,,,F,F
Keddy 2011,2005-09-04,2005-09-04,5,5,,,F,F
Keddy 2011,2005-09-05,2005-09-05,7,7,,,F,F
Keddy 2011,2005-09-06,2005-09-06,18,18,,,F,F
Keddy 2011,2005-09-07,2005-09-07,34,34,,,F,F
Keddy 2011,2005-09-08,2005-09-08,45,45,,,F,F
Keddy 2011,2005-09-09,2005-09-09,46,46,,,F,F
Keddy 2011,2005-09-10,2005-09-10,44,44,,,F,F
Keddy 2011,2005-09-11,2005-09-11,63,63,,,F,F
Keddy 2011,2005-09-12,2005-09-12,36,36,,,F,F
Keddy 2011,2005-09-13,2005-09-13,68,68,,,F,F
Keddy 2011,2005-09-14,2005-09-14,31,31,,,F,F
Keddy 2011,2005-09-15,2005-09-15,38,38,,,F,F
Keddy 2011,2005-09-16,2005-09-16,31,31,,,F,F
Keddy 2011,2005-09-17,2005-09-17,16,16,,,F,F
Keddy 2011,2005-09-18,2005-09-18,3,3,,,F,F
Keddy 2011,2005-09-19,2005-09-19,20,20,,,F,F
Keddy 2011,2005-09-20,2005-09-20,2,2,,,F,F
Bayram 2011,2008-10-16,2008-10-16,2,0,2,,F,F
Bayram 2011,2008-10-17,2008-10-17,31,23,8,,F,F
Bayram 2011,2008-10-18,2008-10-18,48,39,9,,F,F
Bayram 2011,2008-10-19,2008-10-19,169,149,20,,F,F
Bayram 2011,2008-10-20,2008-10-20,141,127,14,,F,F
Bayram 2011,2008-10-21,2008-10-21,109,98,11,,F,F
Bayram 2011,2008-10-22,2008-10-22,78,69,9,,F,F
Bayram 2011,2008-10-23,2008-10-23,60,53,7,,F,F
Bayram 2011,2008-10-24,2008-10-24,49,43,6,,F,F
Bayram 2011,2008-10-25,2008-10-25,15,14,1,,F,F
Bayram 2011,2008-10-26,2008-10-26,10,8,2,,F,F
Bayram 2011,2008-10-27,2008-10-27,11,10,1,,F,F
Bayram 2011,2008-10-28,2008-10-28,7,0,0,,F,F
Bayram 2011,2008-10-29,2008-10-29,3,0,0,,F,F
Cherian 2015,2013-06-30,2013-07-06,3,,3,,F,F
Cherian 2015,2013-07-07,2013-07-13,4,,4,,F,F
Cherian 2015,2013-07-14,2013-07-20,2,,2,,F,F
Hu 2022,2016-01-21,2016-01-25,1,1,,,F,F
Hu 2022,2016-01-26,2016-01-30,0,0,,,F,F
Hu 2022,2016-01-31,2016-02-04,0,0,,,F,F
Hu 2022,2016-02-05,2016-02-09,0,0,,,F,F
Hu 2022,2016-02-10,2016-02-14,2,2,,,F,F
Hu 2022,2016-02-15,2016-02-19,0,0,,,F,F
Hu 2022,2016-02-20,2016-02-24,0,0,,,F,F
Hu 2022,2016-02-25,2016-02-29,0,0,,,F,F
Hu 2022,2016-03-01,2016-03-05,0,0,,,F,F
Hu 2022,2016-03-06,2016-03-10,0,0,,,F,F
Hu 2022,2016-03-11,2016-03-15,0,0,,,F,F
Hu 2022,2016-03-16,2016-03-20,0,0,,,F,F
Hu 2022,2016-03-21,2016-03-25,0,0,,,F,F
Hu 2022,2016-03-26,2016-03-30,1,1,,,F,F
Hu 2022,2016-03-31,2016-04-04,1,1,,,F,F
Hu 2022,2016-04-05,2016-04-09,1,1,,,F,F
Hu 2022,2016-04-10,2016-04-14,0,0,,,F,F
Hu 2022,2016-04-15,2016-04-19,0,0,,,F,F
Hu 2022,2016-04-20,2016-04-24,0,0,,,F,F
Hu 2022,2016-04-25,2016-04-29,0,0,,,F,F
Hu 2022,2016-04-30,2016-05-04,2,2,,,F,F
Hu 2022,2016-05-05,2016-05-09,3,3,,,F,F
Hu 2022,2016-05-10,2016-05-14,3,3,,,F,F
Hu 2022,2016-05-15,2016-05-19,3,3,,,F,F
Hu 2022,2016-05-20,2016-05-24,9,9,,,F,F
Hu 2022,2016-05-25,2016-05-29,3,3,,,F,F
Hu 2022,2016-05-30,2016-06-03,2,2,,,F,F
Yousafzai 2019,2016-11-30,2016-12-06,3,,3,,F,F
Yousafzai 2019,2016-12-07,2016-12-13,1,,1,,F,F
Yousafzai 2019,2016-12-14,2016-12-20,2,,2,,F,F
Yousafzai 2019,2016-12-21,2016-12-27,5,,5,,F,F
Yousafzai 2019,2016-12-28,2017-01-03,8,,8,,F,F
Yousafzai 2019,2017-01-04,2017-01-10,8,,8,,F,F
Yousafzai 2019,2017-01-11,2017-01-17,5,,5,,F,F
Yousafzai 2019,2017-01-18,2017-01-24,3,,3,,F,F
Yousafzai 2019,2017-01-25,2017-01-31,7,,7,,F,F
Yousafzai 2019,2017-02-01,2017-02-07,4,,4,,F,F
Yousafzai 2019,2017-02-08,2017-02-14,5,,5,,F,F
Yousafzai 2019,2017-02-15,2017-02-21,7,,7,,F,F
Yousafzai 2019,2017-02-22,2017-02-28,10,,10,,F,F
Yousafzai 2019,2017-03-01,2017-03-07,8,,8,,F,F
Yousafzai 2019,2017-03-08,2017-03-14,13,,13,,F,F
Yousafzai 2019,2017-03-15,2017-03-21,9,,9,,F,F
Yousafzai 2019,2017-03-22,2017-03-28,3,,3,,F,F
Hechaichi 2023,2016-06-23,2016-06-23,1,0,1,0,T,F
Hechaichi 2023,2016-06-24,2016-06-24,4,4,0,0,T,F
Hechaichi 2023,2016-06-25,2016-06-25,5,4,1,0,T,F
Hechaichi 2023,2016-06-26,2016-06-26,3,3,0,0,T,F
Hechaichi 2023,2016-06-27,2016-06-27,2,2,0,0,T,F
Hechaichi 2023,2016-06-28,2016-06-28,1,0,0,1,T,F
Hechaichi 2023,2016-06-29,2016-06-29,1,1,0,0,T,F
Hechaichi 2023,2016-06-30,2016-06-30,1,0,1,0,T,F
Hechaichi 2023,2016-07-01,2016-07-01,2,1,1,0,T,F
Hechaichi 2023,2016-07-02,2016-07-02,3,0,3,0,T,F
Hechaichi 2023,2016-07-03,2016-07-03,2,1,1,0,T,F
Hechaichi 2023,2016-07-04,2016-07-04,4,2,2,0,T,F
Hechaichi 2023,2016-07-05,2016-07-05,4,0,2,2,T,F
Hechaichi 2023,2016-07-06,2016-07-06,6,1,5,0,T,F
Hechaichi 2023,2016-07-07,2016-07-07,5,1,3,1,T,F
Hechaichi 2023,2016-07-08,2016-07-08,6,2,4,0,T,F
Hechaichi 2023,2016-07-09,2016-07-09,3,1,2,0,T,F
Hechaichi 2023,2016-07-10,2016-07-10,4,2,2,0,T,F
Hechaichi 2023,2016-07-11,2016-07-11,2,0,2,0,T,F
Hechaichi 2023,2016-07-12,2016-07-12,3,1,2,0,T,F
Hechaichi 2023,2016-07-13,2016-07-13,3,0,3,0,T,F
Hechaichi 2023,2016-07-14,2016-07-14,4,1,3,0,T,F
Hechaichi 2023,2016-07-15,2016-07-15,5,2,1,2,T,F
Hechaichi 2023,2016-07-16,2016-07-16,6,3,1,2,T,F
Hechaichi 2023,2016-07-17,2016-07-17,9,3,3,3,T,F
Hechaichi 2023,2016-07-18,2016-07-18,14,5,7,2,T,F
Hechaichi 2023,2016-07-19,2016-07-19,9,4,2,3,T,F
Hechaichi 2023,2016-07-20,2016-07-20,6,4,2,0,T,F
Hechaichi 2023,2016-07-21,2016-07-21,4,2,1,1,T,F
Hechaichi 2023,2016-07-22,2016-07-22,5,3,1,1,T,F
Hechaichi 2023,2016-07-23,2016-07-23,4,2,1,1,T,F
Hechaichi 2023,2016-07-24,2016-07-24,2,2,0,0,T,F
Hechaichi 2023,2016-07-25,2016-07-25,1,0,0,1,T,F
Hechaichi 2023,2016-07-26,2016-07-26,2,1,0,1,T,F
Hechaichi 2023,2016-07-27,2016-07-27,6,2,1,3,T,F
Hechaichi 2023,2016-07-28,2016-07-28,4,2,1,1,T,F
Hechaichi 2023,2016-07-29,2016-07-29,2,0,1,1,T,F
Hechaichi 2023,2016-07-30,2016-07-30,1,1,0,0,T,F
Hechaichi 2023,2016-07-31,2016-07-31,3,2,1,0,T,F
Hechaichi 2023,2016-08-01,2016-08-01,6,3,1,2,T,F
Hechaichi 2023,2016-08-02,2016-08-02,2,1,1,0,T,F
Hechaichi 2023,2016-08-03,2016-08-03,1,1,0,0,T,F
Hechaichi 2023,2016-08-04,2016-08-04,1,0,1,0,T,F
Hechaichi 2023,2016-08-05,2016-08-05,1,1,0,0,T,F
Hechaichi 2023,2016-08-06,2016-08-06,1,1,0,0,T,F
Hechaichi 2023,2016-08-07,2016-08-07,1,0,1,0,T,F
Hechaichi 2023,2016-08-08,2016-08-08,1,1,0,0,T,F
Hechaichi 2023,2016-08-09,2016-08-09,1,1,0,0,T,F
Hechaichi 2023,2016-08-10,2016-08-10,1,0,1,0,T,F
Hechaichi 2023,2016-08-11,2016-08-11,1,1,0,0,T,F
Hechaichi 2023,2016-08-12,2016-08-12,1,0,1,0,T,F
Hechaichi 2023,2016-08-13,2016-08-13,1,0,1,0,T,F
Hechaichi 2023,2016-08-14,2016-08-14,2,2,0,0,T,F
Bano-Zaidi 2018,2018-07-18,2018-07-25,2,2,,,F,F
Bano-Zaidi 2018,2018-07-26,2018-08-02,0,0,,,F,F
Bano-Zaidi 2018,2018-08-03,2018-08-10,1,1,,,F,F
Bano-Zaidi 2018,2018-08-11,2018-08-18,2,2,,,F,F
Bano-Zaidi 2018,2018-08-19,2018-08-26,4,4,,,F,F
Bano-Zaidi 2018,2018-08-27,2018-09-03,7,7,,,F,F
Bano-Zaidi 2018,2018-09-04,2018-09-11,5,5,,,F,F
Bano-Zaidi 2018,2018-09-12,2018-09-19,5,5,,,F,F
Bano-Zaidi 2018,2018-09-20,2018-09-27,8,8,,,F,F
Bano-Zaidi 2018,2018-09-28,2018-10-05,9,9,,,F,F
Bano-Zaidi 2018,2018-10-06,2018-10-13,8,8,,,F,F
Bano-Zaidi 2018,2018-10-14,2018-10-21,12,12,,,F,F
Bano-Zaidi 2018,2018-10-22,2018-10-29,9,9,,,F,F
Bano-Zaidi 2018,2018-10-30,2018-11-06,9,9,,,F,F
Bano-Zaidi 2018,2018-11-07,2018-11-14,4,4,,,F,F
Bano-Zaidi 2018,2018-11-15,2018-11-22,4,4,,,F,F
Bano-Zaidi 2018,2018-11-23,2018-11-30,4,4,,,F,F
Bano-Zaidi 2018,2018-12-01,2018-12-08,3,3,,,F,F
Bano-Zaidi 2018,2018-12-09,2018-12-16,0,0,,,F,F
Bano-Zaidi 2018,2018-12-17,2018-12-24,0,0,,,F,F
Bano-Zaidi 2018,2018-12-25,2019-01-01,2,2,,,F,F
Bano-Zaidi 2018,2019-01-02,2019-01-09,1,1,,,F,F
Bano-Zaidi 2018,2019-01-10,2019-01-17,2,2,,,F,F
Bano-Zaidi 2018,2019-01-18,2019-01-25,1,1,,,F,F
Bano-Zaidi 2018,2019-01-26,2019-02-02,1,1,,,F,F
Bano-Zaidi 2018,2019-02-03,2019-02-10,0,0,,,F,F
Bano-Zaidi 2018,2019-02-11,2019-02-18,0,0,,,F,F
Bano-Zaidi 2018,2019-02-19,2019-02-26,0,0,,,F,F
Bano-Zaidi 2018,2019-02-27,2019-03-06,1,1,,,F,F
Bano-Zaidi 2018,2019-03-07,2019-03-14,0,0,,,F,F
Bano-Zaidi 2018,2019-03-15,2019-03-22,1,1,,,F,F
Bano-Zaidi 2018,2019-03-23,2019-03-30,0,0,,,F,F
Bano-Zaidi 2018,2019-03-31,2019-04-07,1,1,,,F,F
Bano-Zaidi 2018,2019-04-08,2019-04-15,0,0,,,F,F
Bano-Zaidi 2018,2019-04-16,2019-04-23,1,1,,,F,F
Bano-Zaidi 2018,2019-04-24,2019-05-01,1,1,,,F,F
Bano-Zaidi 2018,2019-05-02,2019-05-09,1,1,,,F,F
Bano-Zaidi 2018,2019-05-10,2019-05-17,0,0,,,F,F
Bano-Zaidi 2018,2019-05-18,2019-05-25,1,1,,,F,F
Makungo 2020,2017-11-05,2017-11-05,0,0,0,,T,F
Makungo 2020,2017-11-06,2017-11-06,1,0,1,,T,F
Makungo 2020,2017-11-07,2017-11-07,1,1,0,,T,F
Makungo 2020,2017-11-08,2017-11-08,0,0,0,,T,F
Makungo 2020,2017-11-09,2017-11-09,1,1,0,,T,F
Makungo 2020,2017-11-10,2017-11-10,0,0,0,,T,F
Makungo 2020,2017-11-11,2017-11-11,2,2,0,,T,F
Makungo 2020,2017-11-12,2017-11-12,7,7,0,,T,F
Makungo 2020,2017-11-13,2017-11-13,13,10,3,,T,F
Makungo 2020,2017-11-14,2017-11-14,3,3,0,,T,F
Makungo 2020,2017-11-15,2017-11-15,6,5,1,,T,F
Makungo 2020,2017-11-16,2017-11-16,7,6,1,,T,F
Makungo 2020,2017-11-17,2017-11-17,8,8,0,,T,F
Makungo 2020,2017-11-18,2017-11-18,2,2,0,,T,F
Makungo 2020,2017-11-19,2017-11-19,13,13,0,,T,F
Makungo 2020,2017-11-20,2017-11-20,4,4,0,,T,F
Makungo 2020,2017-11-21,2017-11-21,2,1,1,,T,F
Makungo 2020,2017-11-22,2017-11-22,1,1,0,,T,F
Makungo 2020,2017-11-23,2017-11-23,1,1,0,,T,F
Makungo 2020,2017-11-24,2017-11-24,1,1,0,,T,F
Makungo 2020,2017-11-25,2017-11-25,1,1,0,,T,F
Makungo 2020,2017-11-26,2017-11-26,1,1,0,,T,F
Makungo 2020,2017-11-27,2017-11-27,1,1,0,,T,F
Makungo 2020,2017-11-28,2017-11-28,1,1,0,,T,F
Makungo 2020,2017-11-29,2017-11-29,0,0,0,,T,F
Makungo 2020,2017-11-30,2017-11-30,2,2,0,,T,F
Makungo 2020,2017-12-01,2017-12-01,0,0,0,,T,F
Makungo 2020,2017-12-02,2017-12-02,2,2,0,,T,F
Makungo 2020,2017-12-03,2017-12-03,0,0,0,,T,F
Makungo 2020,2017-12-04,2017-12-04,1,1,0,,T,F
Makungo 2020,2017-12-05,2017-12-05,0,0,0,,T,F
Makungo 2020,2017-12-06,2017-12-06,0,0,0,,T,F
Makungo 2020,2017-12-07,2017-12-07,0,0,0,,T,F
Makungo 2020,2017-12-08,2017-12-08,0,0,0,,T,F
Makungo 2020,2017-12-09,2017-12-09,0,0,0,,T,F
Makungo 2020,2017-12-10,2017-12-10,0,0,0,,T,F
Makungo 2020,2017-12-11,2017-12-11,0,0,0,,T,F
Makungo 2020,2017-12-12,2017-12-12,0,0,0,,T,F
Makungo 2020,2017-12-13,2017-12-13,1,1,0,,T,F
Makungo 2020,2017-12-14,2017-12-14,0,0,0,,T,F
Makungo 2020,2017-12-15,2017-12-15,0,0,0,,T,F
Makungo 2020,2017-12-16,2017-12-16,0,0,0,,T,F
Makungo 2020,2017-12-17,2017-12-17,0,0,0,,T,F
Makungo 2020,2017-12-18,2017-12-18,0,0,0,,T,F
Makungo 2020,2017-12-19,2017-12-19,0,0,0,,T,F
Makungo 2020,2017-12-20,2017-12-20,0,0,0,,T,F
Makungo 2020,2017-12-21,2017-12-21,0,0,0,,T,F
Makungo 2020,2017-12-22,2017-12-22,0,0,0,,T,F
Makungo 2020,2017-12-23,2017-12-23,1,1,0,,T,F
Makungo 2020,2017-12-24,2017-12-24,0,0,0,,T,F
Poncin 2022,2018-08-26,2018-09-01,2,2,,,T,F
Poncin 2022,2018-09-02,2018-09-08,8,8,,,T,F
Poncin 2022,2018-09-09,2018-09-15,47,47,,,T,F
Poncin 2022,2018-09-16,2018-09-22,86,86,,,T,F
Poncin 2022,2018-09-23,2018-09-29,37,37,,,T,F
Poncin 2022,2018-09-30,2018-10-06,52,52,,,T,F
Poncin 2022,2018-10-07,2018-10-13,128,128,,,T,F
Poncin 2022,2018-10-14,2018-10-20,122,122,,,T,F
Poncin 2022,2018-10-21,2018-10-27,82,82,,,T,F
Poncin 2022,2018-10-28,2018-11-03,94,94,,,T,F
Poncin 2022,2018-11-04,2018-11-10,89,89,,,T,F
Poncin 2022,2018-11-11,2018-11-17,76,76,,,T,F
Poncin 2022,2018-11-18,2018-11-24,61,61,,,T,F
Poncin 2022,2018-11-25,2018-12-01,77,77,,,T,F
Poncin 2022,2018-12-02,2018-12-08,149,149,,,T,F
Poncin 2022,2018-12-09,2018-12-15,139,139,,,T,F
Poncin 2022,2018-12-16,2018-12-22,211,211,,,T,F
Poncin 2022,2018-12-23,2018-12-29,139,139,,,T,F
Poncin 2022,2018-12-30,2019-01-05,59,59,,,T,F
Poncin 2022,2019-01-06,2019-01-12,61,61,,,T,F
Poncin 2022,2019-01-13,2019-01-19,21,21,,,T,F
Poncin 2022,2019-01-20,2019-01-26,51,51,,,T,F
Poncin 2022,2019-01-27,2019-02-02,56,56,,,T,F
Poncin 2022,2019-02-03,2019-02-09,36,36,,,T,F
Poncin 2022,2019-02-10,2019-02-16,39,39,,,T,F
Poncin 2022,2019-02-17,2019-02-23,45,45,,,T,F
Srinivasan 2022,2019-01-01,2019-01-31,0,,0,,F,F
Srinivasan 2022,2019-02-01,2019-02-28,7,,7,,F,F
Srinivasan 2022,2019-03-01,2019-03-31,1,,1,,F,F
Srinivasan 2022,2019-04-01,2019-04-30,11,,11,,F,F
Srinivasan 2022,2019-05-01,2019-05-31,22,,22,,F,F
Srinivasan 2022,2019-06-01,2019-06-30,18,,18,,F,F
Srinivasan 2022,2019-07-01,2019-07-31,5,,5,,F,F
Srinivasan 2022,2019-08-01,2019-08-31,8,,8,,F,F
Srinivasan 2022,2019-09-01,2019-09-30,4,,4,,F,F
Wang 2022 (1),2022-01-22,2022-01-22,1,1,,,T,F
Wang 2022 (1),2022-01-23,2022-01-23,0,0,,,T,F
Wang 2022 (1),2022-01-24,2022-01-24,1,1,,,T,F
Wang 2022 (1),2022-01-25,2022-01-25,1,1,,,T,F
Wang 2022 (1),2022-01-26,2022-01-26,2,2,,,T,F
Wang 2022 (1),2022-01-27,2022-01-27,1,1,,,T,F
Wang 2022 (1),2022-01-28,2022-01-28,0,0,,,T,F
Wang 2022 (1),2022-01-29,2022-01-29,0,0,,,T,F
Wang 2022 (1),2022-01-30,2022-01-30,1,1,,,T,F
Wang 2022 (1),2022-01-31,2022-01-31,1,1,,,T,F
Wang 2022 (1),2022-02-01,2022-02-01,1,1,,,T,F
Wang 2022 (1),2022-02-02,2022-02-02,2,2,,,T,F
Wang 2022 (1),2022-02-03,2022-02-03,1,1,,,T,F
Wang 2022 (1),2022-02-04,2022-02-04,3,3,,,T,F
Wang 2022 (1),2022-02-05,2022-02-05,1,1,,,T,F
Wang 2022 (1),2022-02-06,2022-02-06,0,0,,,T,F
Wang 2022 (1),2022-02-07,2022-02-07,1,1,,,T,F
Wang 2022 (1),2022-02-08,2022-02-08,2,2,,,T,F
Wang 2022 (1),2022-02-09,2022-02-09,0,0,,,T,F
Wang 2022 (1),2022-02-10,2022-02-10,0,0,,,T,F
Wang 2022 (1),2022-02-11,2022-02-11,2,2,,,T,F
Wang 2022 (1),2022-02-12,2022-02-12,1,1,,,T,F
Wang 2022 (1),2022-02-13,2022-02-13,1,1,,,T,F
Wang 2022 (1),2022-02-14,2022-02-14,0,0,,,T,F
Wang 2022 (1),2022-02-15,2022-02-15,0,0,,,T,F
Wang 2022 (1),2022-02-16,2022-02-16,0,0,,,T,F
Wang 2022 (1),2022-02-17,2022-02-17,0,0,,,T,F
Wang 2022 (1),2022-02-18,2022-02-18,0,0,,,T,F
Wang 2022 (1),2022-02-19,2022-02-19,0,0,,,T,F
Wang 2022 (1),2022-02-20,2022-02-20,0,0,,,T,F
Wang 2022 (1),2022-02-21,2022-02-21,0,0,,,T,F
Wang 2022 (1),2022-02-22,2022-02-22,0,0,,,T,F
Wang 2022 (1),2022-02-23,2022-02-23,0,0,,,T,F
Wang 2022 (1),2022-02-24,2022-02-24,0,0,,,T,F
Wang 2022 (2),2022-01-22,2022-01-22,0,,0,,F,T
Wang 2022 (2),2022-01-23,2022-01-23,0,,0,,F,T
Wang 2022 (2),2022-01-24,2022-01-24,0,,0,,F,T
Wang 2022 (2),2022-01-25,2022-01-25,0,,0,,F,T
Wang 2022 (2),2022-01-26,2022-01-26,0,,0,,F,T
Wang 2022 (2),2022-01-27,2022-01-27,0,,0,,F,T
Wang 2022 (2),2022-01-28,2022-01-28,0,,0,,F,T
Wang 2022 (2),2022-01-29,2022-01-29,0,,0,,F,T
Wang 2022 (2),2022-01-30,2022-01-30,0,,0,,F,T
Wang 2022 (2),2022-01-31,2022-01-31,0,,0,,F,T
Wang 2022 (2),2022-02-01,2022-02-01,0,,0,,F,T
Wang 2022 (2),2022-02-02,2022-02-02,1,,1,,F,T
Wang 2022 (2),2022-02-03,2022-02-03,0,,0,,F,T
Wang 2022 (2),2022-02-04,2022-02-04,1,,1,,F,T
Wang 2022 (2),2022-02-05,2022-02-05,0,,0,,F,T
Wang 2022 (2),2022-02-06,2022-02-06,2,,2,,F,T
Wang 2022 (2),2022-02-07,2022-02-07,1,,1,,F,T
Wang 2022 (2),2022-02-08,2022-02-08,0,,0,,F,T
Wang 2022 (2),2022-02-09,2022-02-09,0,,0,,F,T
Wang 2022 (2),2022-02-10,2022-02-10,1,,1,,F,T
Wang 2022 (2),2022-02-11,2022-02-11,2,,2,,F,T
Wang 2022 (2),2022-02-12,2022-02-12,0,,0,,F,T
Wang 2022 (2),2022-02-13,2022-02-13,0,,0,,F,T
Wang 2022 (2),2022-02-14,2022-02-14,2,,2,,F,T
Wang 2022 (2),2022-02-15,2022-02-15,0,,0,,F,T
Wang 2022 (2),2022-02-16,2022-02-16,6,,6,,F,T
Wang 2022 (2),2022-02-17,2022-02-17,5,,5,,F,T
Wang 2022 (2),2022-02-18,2022-02-18,1,,1,,F,T
Wang 2022 (2),2022-02-19,2022-02-19,0,,0,,F,T
Wang 2022 (2),2022-02-20,2022-02-20,0,,0,,F,T
Wang 2022 (2),2022-02-21,2022-02-21,0,,0,,F,T
Wang 2022 (2),2022-02-22,2022-02-22,0,,0,,F,T
Wang 2022 (2),2022-02-23,2022-02-23,0,,0,,F,T
Wang 2022 (2),2022-02-24,2022-02-24,1,,1,,F,T
Nimonkar 2022,2019-03-27,2019-03-27,1,,1,,F,F
Nimonkar 2022,2019-03-28,2019-03-28,0,,0,,F,F
Nimonkar 2022,2019-03-29,2019-03-29,1,,1,,F,F
Nimonkar 2022,2019-03-30,2019-03-30,0,,0,,F,F
Nimonkar 2022,2019-03-31,2019-03-31,0,,0,,F,F
Nimonkar 2022,2019-04-01,2019-04-01,0,,0,,F,F
Nimonkar 2022,2019-04-02,2019-04-02,0,,0,,F,F
Nimonkar 2022,2019-04-03,2019-04-03,0,,0,,F,F
Nimonkar 2022,2019-04-04,2019-04-04,4,,4,,F,F
Nimonkar 2022,2019-04-05,2019-04-05,0,,0,,F,F
Nimonkar 2022,2019-04-06,2019-04-06,0,,0,,F,F
Nimonkar 2022,2019-04-07,2019-04-07,6,,6,,F,F
Nimonkar 2022,2019-04-08,2019-04-08,0,,0,,F,F
Nimonkar 2022,2019-04-09,2019-04-09,0,,0,,F,F
Nimonkar 2022,2019-04-10,2019-04-10,0,,0,,F,F
Nimonkar 2022,2019-04-11,2019-04-11,15,,15,,F,F
Nimonkar 2022,2019-04-12,2019-04-12,0,,0,,F,F
Nimonkar 2022,2019-04-13,2019-04-13,0,,0,,F,F
Nimonkar 2022,2019-04-14,2019-04-14,0,,0,,F,F
Nimonkar 2022,2019-04-15,2019-04-15,0,,0,,F,F
Nimonkar 2022,2019-04-16,2019-04-16,0,,0,,F,F
Nimonkar 2022,2019-04-17,2019-04-17,0,,0,,F,F
Nimonkar 2022,2019-04-18,2019-04-18,13,,13,,F,F
Nimonkar 2022,2019-04-19,2019-04-19,0,,0,,F,F
Nimonkar 2022,2019-04-20,2019-04-20,0,,0,,F,F
Nimonkar 2022,2019-04-21,2019-04-21,12,,12,,F,F
Nimonkar 2022,2019-04-22,2019-04-22,0,,0,,F,F
Nimonkar 2022,2019-04-23,2019-04-23,0,,0,,F,F
Nimonkar 2022,2019-04-24,2019-04-24,10,,10,,F,F
Nimonkar 2022,2019-04-25,2019-04-25,0,,0,,F,F
Nimonkar 2022,2019-04-26,2019-04-26,0,,0,,F,F
Nimonkar 2022,2019-04-27,2019-04-27,0,,0,,F,F
Nimonkar 2022,2019-04-28,2019-04-28,6,,6,,F,F
Nimonkar 2022,2019-04-29,2019-04-29,0,,0,,F,F
Nimonkar 2022,2019-04-30,2019-04-30,0,,0,,F,F
Nimonkar 2022,2019-05-01,2019-05-01,0,,0,,F,F
Nimonkar 2022,2019-05-02,2019-05-02,0,,0,,F,F
Nimonkar 2022,2019-05-03,2019-05-03,0,,0,,F,F
Nimonkar 2022,2019-05-04,2019-05-04,0,,0,,F,F
Nimonkar 2022,2019-05-05,2019-05-05,3,,3,,F,F
Nimonkar 2022,2019-05-06,2019-05-06,0,,0,,F,F
Nimonkar 2022,2019-05-07,2019-05-07,0,,0,,F,F
Nimonkar 2022,2019-05-08,2019-05-08,0,,0,,F,F
Nimonkar 2022,2019-05-09,2019-05-09,3,,3,,F,F
Nimonkar 2022,2019-05-10,2019-05-10,0,,0,,F,F
Nimonkar 2022,2019-05-11,2019-05-11,0,,0,,F,F
Nimonkar 2022,2019-05-12,2019-05-12,0,,0,,F,F
Nimonkar 2022,2019-05-13,2019-05-13,0,,0,,F,F
Nimonkar 2022,2019-05-14,2019-05-14,0,,0,,F,F
Nimonkar 2022,2019-05-15,2019-05-15,1,,1,,F,F
Muehlen 2007,2004-06-08,2004-06-08,1,0,1,0,T,F
Muehlen 2007,2004-06-09,2004-06-09,0,0,0,0,T,F
Muehlen 2007,2004-06-10,2004-06-10,0,0,0,0,T,F
Muehlen 2007,2004-06-11,2004-06-11,0,0,0,0,T,F
Muehlen 2007,2004-06-12,2004-06-12,2,1,1,0,T,F
Muehlen 2007,2004-06-13,2004-06-13,2,0,2,0,T,F
Muehlen 2007,2004-06-14,2004-06-14,1,0,0,1,T,F
Muehlen 2007,2004-06-15,2004-06-15,0,0,0,0,T,F
Scobie 2014,2008-01-01,2008-01-31,64,,64,,F,T
Scobie 2014,2008-02-01,2008-02-29,53,,53,,F,T
Scobie 2014,2008-03-01,2008-03-31,53,,53,,F,T
Scobie 2014,2008-04-01,2008-04-30,55,,55,,F,T
Scobie 2014,2008-05-01,2008-05-31,39,,39,,F,T
Scobie 2014,2008-06-01,2008-06-30,34,,34,,F,T
Scobie 2014,2008-07-01,2008-07-31,18,,19,,F,T
Scobie 2014,2008-08-01,2008-08-31,27,,27,,F,T
Scobie 2014,2008-09-01,2008-09-30,7,,7,,F,T
Scobie 2014,2008-10-01,2008-10-31,8,,8,,F,T
Scobie 2014,2008-11-01,2008-11-30,21,,20,,F,T
Scobie 2014,2008-12-01,2008-12-31,10,,10,,F,T
Scobie 2014,2009-01-01,2009-01-31,17,,17,,F,T
Scobie 2014,2009-02-01,2009-02-28,46,,46,,F,T
Scobie 2014,2009-03-01,2009-03-31,40,,40,,F,T
Scobie 2014,2009-04-01,2009-04-30,31,,31,,F,T
Scobie 2014,2009-05-01,2009-05-31,23,,23,,F,T
Scobie 2014,2009-06-01,2009-06-30,27,,27,,F,T
Scobie 2014,2009-07-01,2009-07-31,13,,13,,F,T
Scobie 2014,2009-08-01,2009-08-31,19,,19,,F,T
Scobie 2014,2009-09-01,2009-09-30,24,,24,,F,T
Scobie 2014,2009-10-01,2009-10-31,36,,36,,F,T
Scobie 2014,2009-11-01,2009-11-30,43,,43,,F,T
Scobie 2014,2009-12-01,2009-12-31,30,,31,,F,T
Scobie 2014,2010-01-01,2010-01-31,37,,37,,F,T
Scobie 2014,2010-02-01,2010-02-28,56,,55,,F,T
Scobie 2014,2010-03-01,2010-03-31,44,,44,,F,T
Scobie 2014,2010-04-01,2010-04-30,44,,44,,F,T
Scobie 2014,2010-05-01,2010-05-31,67,,67,,F,T
Scobie 2014,2010-06-01,2010-06-30,38,,39,,F,T
Scobie 2014,2010-07-01,2010-07-31,51,,50,,F,T
Scobie 2014,2010-08-01,2010-08-31,29,,29,,F,T
Scobie 2014,2010-09-01,2010-09-30,29,,29,,F,T
Scobie 2014,2010-10-01,2010-10-31,29,,29,,F,T
Scobie 2014,2010-11-01,2010-11-30,24,,23,,F,T
Scobie 2014,2010-12-01,2010-12-31,16,,16,,F,T
Scobie 2014,2011-01-01,2011-01-31,45,,45,,F,T
Scobie 2014,2011-02-01,2011-02-28,55,,55,,F,T
Scobie 2014,2011-03-01,2011-03-31,31,,31,,F,T
Scobie 2014,2011-04-01,2011-04-30,27,,27,,F,T
Scobie 2014,2011-05-01,2011-05-31,21,,21,,F,T
Scobie 2014,2011-06-01,2011-06-30,28,,28,,F,T
Scobie 2014,2011-07-01,2011-07-31,27,,27,,F,T
Scobie 2014,2011-08-01,2011-08-31,29,,29,,F,T
Scobie 2014,2011-09-01,2011-09-30,28,,28,,F,T
Scobie 2014,2011-10-01,2011-10-31,23,,23,,F,T
Scobie 2014,2011-11-01,2011-11-30,35,,35,,F,T
Scobie 2014,2011-12-01,2011-12-31,31,,31,,F,T